refID,doi,pubmed_id,title,authors,journal,year,month,day,SiC_label_count,SiC_Type,amorphousSiC,otherSiC,crystalline_other_unspecified,crystalline_3C-SiC,crystalline_4H-SiC,crystalline_6H-SiC,Category_label_count,Category,NeuralEng,Biosensor,Cardiovascular,Orthopedic_Dental,DrugRelease,GeneralImplants_OtherTech,Data_label_count,Data_Reported,InVivo_animal,InVivo_human,MaterialProperties,FabricationMethods,Benchtop,CellCulture_InVitro,ExVivo
"Ababneh, M 2017",10.1109/UEMCON.2017.8249040,,Design of a SiC implantable rectenna for wireless in-vivo biomedical devices,"Ababneh, M. M. and Jasim, M. and Puttananjegowda, K. and Perez, S. and Afroz, S. and Thomas, S. and Tan, Y. K.","2017 IEEE 8th Annual Ubiquitous Computing, Electronics and Mobile Communication Conference (UEMCON)",2017,10,19,1,4H-SiC,FALSE,FALSE,FALSE,FALSE,TRUE,FALSE,1,Biosensors,FALSE,TRUE,FALSE,FALSE,FALSE,FALSE,3,"Fabrication,MaterialProperties,Benchtop",FALSE,FALSE,TRUE,TRUE,TRUE,FALSE,FALSE
"Abbott, J 2024",10.1016/j.biomaterials.2024.122543,38547834,Planar amorphous silicon carbide microelectrode arrays for chronic recording in rat motor cortex,"Abbott, J.R. and Jeakle, E.N. and Haghighi, P and Usoro, J.O. and Sturgill, BS and Wu, Y. and Geramifard, N. and Radhakrishna, R. and Patnaik, S. and Nakajima, S. and Hess, J. and Mehmood, Y. and Devata, V. and Vijayakumar, G. and Sood, A . and Doan, Thai T.T. and Dogra, K. and Hernandez-Reynoso, A.G. and Pancrazio, J.J. and Cogan, S.F.",Biomaterials,2024,3,21,1,a-SiC,TRUE,FALSE,FALSE,FALSE,FALSE,FALSE,1,Neural,TRUE,FALSE,FALSE,FALSE,FALSE,FALSE,3,"Fabrication,Benchtop,InVivo_Animal",TRUE,FALSE,FALSE,TRUE,TRUE,FALSE,FALSE
"Afonso Camargo, S 2020",10.3390/jfb11020033,32443691,Anti-Bacterial Properties and Biocompatibility of Novel SiC Coating for Dental Ceramic,"Afonso Camargo, SE and Mohiuddeen, AS and Fares, C and Partain, JL and Carey, PH 4th and Ren, F and Hsu, SM and Clark, AE and Esquivel-Upshaw, JF",Journal of functional biomaterials,2020,11,1,1,a-SiC,TRUE,FALSE,FALSE,FALSE,FALSE,FALSE,1,Ortho_Dental,FALSE,FALSE,FALSE,TRUE,FALSE,FALSE,4,"Fabrication,MaterialProperties,Benchtop,CellCulture",FALSE,FALSE,TRUE,TRUE,TRUE,TRUE,FALSE
"Afroz, S 2013",10.1109/ICSENS.2013.6688379,,Implantable SiC based RF antenna biosensor for continuous glucose monitoring,"Afroz, S. and Thomas, S. W. and Mumcu, G. and Saddow, S. E.","SENSORS, 2013 IEEE",2013,11,3,1,4H-SiC,FALSE,FALSE,FALSE,FALSE,TRUE,FALSE,1,Biosensors,FALSE,TRUE,FALSE,FALSE,FALSE,FALSE,3,"Fabrication,Benchtop,ExVivo",FALSE,FALSE,FALSE,TRUE,TRUE,FALSE,TRUE
"Alfotawi, R 2023",10.1097/SCS.0000000000009864,38014939,In Vivo Analysis of Porous Bioactive Silicon Carbide Scaffold for Craniofacial Bone Augmentation,"Alfotawi, R and Premnath, S and El-Ghannam, A and Alsafadi, M and Mahmood, A",The Journal of craniofacial surgery,2023,11,28,1,crystalline_unspecified,FALSE,FALSE,TRUE,FALSE,FALSE,FALSE,1,Ortho_Dental,FALSE,FALSE,FALSE,TRUE,FALSE,FALSE,5,"Fabrication,MaterialProperties,Benchtop,CellCulture,InVivo_Animal",TRUE,FALSE,TRUE,TRUE,TRUE,TRUE,FALSE
"Allen, M 1995",10.3233/BME-1995-5302,8555965,"Toxicity of particulate silicon carbide for macrophages, fibroblasts and osteoblast-like cells in vitro","Allen, M and Butter, R and Chandra, L and Lettington, A and Rushton, N",Bio-medical materials and engineering,1995,8,1,1,other,FALSE,TRUE,FALSE,FALSE,FALSE,FALSE,1,Ortho_Dental,FALSE,FALSE,FALSE,TRUE,FALSE,FALSE,1,CellCulture,FALSE,FALSE,FALSE,FALSE,FALSE,TRUE,FALSE
"Amon, M 1994",10.1109/IEMBS.1994.415171,,Coating of cardiovascular stents with amorphous silicon carbide to reduce thrombogenicity,"Amon, M and Bolt, A and Heublein, B and Schaldach, M",Proceedings of 16th Annual International Conference of the IEEE Engineering in Medicine and Biology Society,1994,11,,1,a-SiC,TRUE,FALSE,FALSE,FALSE,FALSE,FALSE,1,Cardiovascular,FALSE,FALSE,TRUE,FALSE,FALSE,FALSE,2,"MaterialProperties,InVivo_Animal",TRUE,FALSE,TRUE,FALSE,FALSE,FALSE,FALSE
"Amon, M 1995",10.1109/IEMBS.1995.575023,,Introduction of a new coronary stent with enhanced radioopacity and hemocompatibility,"Amon, M and Winkler, S and Dekker, K and Bolz, A and  Mittermayer, C and Schaldach, M",Proceedings of 17th International Conference of the Engineering in Medicine and Biology Society,1995,9,,1,a-SiC,TRUE,FALSE,FALSE,FALSE,FALSE,FALSE,1,Cardiovascular,FALSE,FALSE,TRUE,FALSE,FALSE,FALSE,2,"CellCulture,InVivo_Animal",TRUE,FALSE,FALSE,FALSE,FALSE,TRUE,FALSE
"Askari, E 2012",10.1016/j.jmbbm.2012.02.029,22732480,Fabrication and mechanical properties of Al2O3/SiC/ZrO2 functionally graded material by electrophoretic deposition,"Askari, E and Mehrali, M and Metselaar, IH and Kadri, NA and Rahman, MM",Journal of the mechanical behavior of biomedical materials,2012,4,,1,other,FALSE,TRUE,FALSE,FALSE,FALSE,FALSE,1,Ortho_Dental,FALSE,FALSE,FALSE,TRUE,FALSE,FALSE,2,"Fabrication,MaterialProperties",FALSE,FALSE,TRUE,TRUE,FALSE,FALSE,FALSE
"Aspenberg, P 1996",10.1016/0142-9612(96)81418-9,8730965,Benign response to particles of diamond and SiC: bone chamber studies of new joint replacement coating materials in rabbits,"Aspenberg, P and Anttila, A and Konttinen, YT and Lappalainen, R and Goodman, SB and Nordsletten, L and Santavirta, S",Biomaterials,1996,4,,1,other,FALSE,TRUE,FALSE,FALSE,FALSE,FALSE,1,Ortho_Dental,FALSE,FALSE,FALSE,TRUE,FALSE,FALSE,1,InVivo_Animal,TRUE,FALSE,FALSE,FALSE,FALSE,FALSE,FALSE
"Azem, F 2015",10.1177/0954411915578886,25934259,Effect of SiC interlayer between Ti6Al4V alloy and hydroxyapatite films,"Azem, FA and Birlik, I and Braic, V and Toparli, M and Celik, E and Parau, A and Kiss, A and Titorencu, I and Vladescu, A","Proceedings of the Institution of Mechanical Engineers. Part H, Journal of           engineering in medicine",2015,4,,1,other,FALSE,TRUE,FALSE,FALSE,FALSE,FALSE,1,Ortho_Dental,FALSE,FALSE,FALSE,TRUE,FALSE,FALSE,2,"MaterialProperties,CellCulture",FALSE,FALSE,TRUE,FALSE,FALSE,TRUE,FALSE
"Babaroud, N 2020",10.1109/EMBC44109.2020.9175646,33018733,PDMS-Parylene Adhesion Improvement via Ceramic Interlayers to Strengthen the Encapsulation of Active Neural Implants,"Babaroud, NB and Dekker, R and Serdijn, W and Giagka, V",2020 42nd Annual International Conference of the IEEE Engineering in Medicine & Biology Society (EMBC),2020,7,,1,other,FALSE,TRUE,FALSE,FALSE,FALSE,FALSE,1,Neural,TRUE,FALSE,FALSE,FALSE,FALSE,FALSE,2,"Fabrication,MaterialProperties",FALSE,FALSE,TRUE,TRUE,FALSE,FALSE,FALSE
"Barillet, S 2010",10.1016/j.toxlet.2010.07.009,20655996,"In vitro evaluation of SiC nanoparticles impact on A549 pulmonary cells: cyto-, genotoxicity and oxidative stress","Barillet, S and Jugan, ML and Laye, M and Leconte, Y and Herlin-Boime, N and Reynaud, C and Carriere, M",Toxicology letters,2010,10,20,1,3C-SiC,FALSE,FALSE,FALSE,TRUE,FALSE,FALSE,1,OtherTechnologies,FALSE,FALSE,FALSE,FALSE,FALSE,TRUE,3,"MaterialProperties,Benchtop,CellCulture",FALSE,FALSE,TRUE,FALSE,TRUE,TRUE,FALSE
"Bernardin, E 2018",10.3390/mi9080412,30424345,Demonstration of a Robust All-Silicon-Carbide Intracortical Neural Interface,"Bernardin, EK and Frewin, CL and Everly, R and Ul Hassan, J and Saddow, SE",Micromachines,2018,8,18,2,"a-SiC,4H-SiC",TRUE,FALSE,FALSE,FALSE,TRUE,FALSE,1,Neural,TRUE,FALSE,FALSE,FALSE,FALSE,FALSE,3,"Fabrication,MaterialProperties,Benchtop",FALSE,FALSE,TRUE,TRUE,TRUE,FALSE,FALSE
"Berthold, A 2002",10.1002/1522-2683(200210)23:20<3511::AID-ELPS3511>3.0.CO;2-C,12412119,Fabrication of a glass-implemented microcapillary electrophoresis device with integrated contactless conductivity detection,"Berthold, A and Laugere, F and Schellevis, H and de Boer, CR and Laros, M and Guijt, RM and Sarro, PM and Vellekoop, MJ",Electrophoresis,2002,10,30,1,a-SiC,TRUE,FALSE,FALSE,FALSE,FALSE,FALSE,1,OtherTechnologies,FALSE,FALSE,FALSE,FALSE,FALSE,TRUE,3,"Fabrication,MaterialProperties,Benchtop",FALSE,FALSE,TRUE,TRUE,TRUE,FALSE,FALSE
"Beygi, M 2018",10.1109/SECON.2018.8478972,,Neural Implant Materials: Safety Evaluation in Implanted Neural Probes Under MRI,"Beygi, M.and Mumcu, G.and Saddow, S. E. ",SoutheastCon 2018,2018,,,1,3C-SiC,FALSE,FALSE,FALSE,TRUE,FALSE,FALSE,1,Neural,TRUE,FALSE,FALSE,FALSE,FALSE,FALSE,1,MaterialProperties,FALSE,FALSE,TRUE,FALSE,FALSE,FALSE,FALSE
"Beygi, M 2019",10.3390/mi10070430,31261887,Fabrication of a Monolithic Implantable Neural Interface from Cubic Silicon Carbide,"Beygi, M and Bentley, JT and Frewin, CL and Kuliasha, CA and Takshi, A and Bernardin, EK and La Via, F and Saddow, SE",Micromachines,2019,6,29,2,"a-SiC,3C-SiC",TRUE,FALSE,FALSE,TRUE,FALSE,FALSE,1,Neural,TRUE,FALSE,FALSE,FALSE,FALSE,FALSE,3,"Fabrication,MaterialProperties,Benchtop",FALSE,FALSE,TRUE,TRUE,TRUE,FALSE,FALSE
"Beygi, M 2021",10.3390/mi12020126,33530350,Silicon Carbide and MRI: Towards Developing a MRI Safe Neural Interface,"Beygi, M. and Dominguez-Viqueira, W. and Feng, C. and Mumcu, G. and Frewin, C.L. and La Via, F. and Saddow, S.E.",Micromachines,2021,1,26,1,a-SiC,TRUE,FALSE,FALSE,FALSE,FALSE,FALSE,1,Neural,TRUE,FALSE,FALSE,FALSE,FALSE,FALSE,2,"Fabrication,MaterialProperties",FALSE,FALSE,TRUE,TRUE,FALSE,FALSE,FALSE
"Bolz, A 1990",10.1111/j.1525-1594.1990.tb02967.x,2396923,Artificial heart valves: improved blood compatibility by PECVD a-SiC:H coating,"Bolz, A and Schaldach, M",Artificial organs,1990,8,14,1,a-SiC,TRUE,FALSE,FALSE,FALSE,FALSE,FALSE,1,Cardiovascular,FALSE,FALSE,TRUE,FALSE,FALSE,FALSE,4,"Fabrication,MaterialProperties,Benchtop,CellCulture",FALSE,FALSE,TRUE,TRUE,TRUE,TRUE,FALSE
"Bolz, A 1993",10.1007/BF02446660,8231315,Haemocompatibility optimisation of implants by hybrid structuring,"Bolz, A and Schaldach, M",Medical & biological engineering & computing,1993,7,,1,a-SiC,TRUE,FALSE,FALSE,FALSE,FALSE,FALSE,1,OtherTechnologies,FALSE,FALSE,FALSE,FALSE,FALSE,TRUE,4,"Fabrication,MaterialProperties,Benchtop,CellCulture",FALSE,FALSE,TRUE,TRUE,TRUE,TRUE,FALSE
"Bolz, A 1996",https://pmc.ncbi.nlm.nih.gov/articles/PMC325330/,8792547,Coating of cardiovascular stents with a semiconductor to improve their hemocompatibility,"Bolz, A and Amon, M and Ozbek, C and Heublein, B and Schaldach, M",Texas Heart Institute Journal ,1996,,,1,a-SiC,TRUE,FALSE,FALSE,FALSE,FALSE,FALSE,1,Cardiovascular,FALSE,FALSE,TRUE,FALSE,FALSE,FALSE,5,"Fabrication,Benchtop,CellCulture,InVivo_Animal,InVivo_Human",TRUE,TRUE,FALSE,TRUE,TRUE,TRUE,FALSE
"Bonaventura, G 2019",10.1038/s41598-019-48041-3,31395932,Biocompatibility between Silicon or Silicon Carbide surface and Neural Stem Cells,"Bonaventura, G and Iemmolo, R and La Cognata, V and Zimbone, M and La Via, F and Fragala, ME and Barcellona, ML and Pellitteri, R and Cavallaro, S",Scientific reports,2019,8,8,1,3C-SiC,FALSE,FALSE,FALSE,TRUE,FALSE,FALSE,1,Neural,TRUE,FALSE,FALSE,FALSE,FALSE,FALSE,3,"Fabrication,MaterialProperties,CellCulture",FALSE,FALSE,TRUE,TRUE,FALSE,TRUE,FALSE
"Bouravleuv, A 2024",10.1134/S1063782624030035,,Top-Down Formation of Biocompatible SiC Nanotubes,"Bouravleuv, AD and Kazakin, AN and Nashchekina, YA and Nashchekin, AV and Ubyyvovk, EV and Astrahanceva, VA and Osipov, AV and Svyatec, GV and Kukushkin, SA",SEMICONDUCTORS,2024,9,4,1,other,FALSE,TRUE,FALSE,FALSE,FALSE,FALSE,1,OtherTechnologies,FALSE,FALSE,FALSE,FALSE,FALSE,TRUE,2,"Fabrication,MaterialProperties",FALSE,FALSE,TRUE,TRUE,FALSE,FALSE,FALSE
"Bruckmann, H 1980",10.1016/0142-9612(80)90003-4,7470559,"Carbon, a promising material in endoprosthetics. part 2: tribological properties","Bruckmann, H and Keuscher, G and Hattinger, KJ",Biomaterials,1980,4,,1,other,FALSE,TRUE,FALSE,FALSE,FALSE,FALSE,1,Ortho_Dental,FALSE,FALSE,FALSE,TRUE,FALSE,FALSE,2,"MaterialProperties,Benchtop",FALSE,FALSE,TRUE,FALSE,TRUE,FALSE,FALSE
"Calderon, P 2022",10.3390/jfb13040247,36412888,Effect of Silicon Carbide Coating on Osteoblast Mineralization of Anodized Titanium Surfaces,"Calderon, PDS and Rocha, FRG and Xia, X and Camargo, SEA and Pascoal, ALB and Chiu, CW and Ren, F and Ghivizzani, S and Esquivel-Upshaw, JF",Journal of functional biomaterials,2022,11,16,1,a-SiC,TRUE,FALSE,FALSE,FALSE,FALSE,FALSE,1,Ortho_Dental,FALSE,FALSE,FALSE,TRUE,FALSE,FALSE,1,CellCulture,FALSE,FALSE,FALSE,FALSE,FALSE,TRUE,FALSE
"Camargo, S 2020",10.3390/jfb11020042,32560139,Novel Coatings to Minimize Bacterial Adhesion and Promote Osteoblast Activity for Titanium Implants,"Camargo, SEA and Roy, T and Carey, Iv PH and Fares, C and Ren, F and Clark, AE and Esquivel-Upshaw, JF",Journal of functional biomaterials,2020,6,20,1,other,FALSE,TRUE,FALSE,FALSE,FALSE,FALSE,1,OtherTechnologies,FALSE,FALSE,FALSE,FALSE,FALSE,TRUE,1,CellCulture,FALSE,FALSE,FALSE,FALSE,FALSE,TRUE,FALSE
"Camargo, S 2021a",10.3390/ma14020342,33445481,Novel Coatings to Minimize Corrosion of Titanium in Oral Biofilm,"Camargo, SEA and Roy, T and Xia, X and Fares, C and Hsu, SM and Ren, F and Clark, AE and Neal, D and Esquivel-Upshaw, JF","Materials (Basel, Switzerland)",2021,1,12,1,a-SiC,TRUE,FALSE,FALSE,FALSE,FALSE,FALSE,1,OtherTechnologies,FALSE,FALSE,FALSE,FALSE,FALSE,TRUE,2,"Benchtop,CellCulture",FALSE,FALSE,FALSE,FALSE,TRUE,TRUE,FALSE
"Camargo, S 2021b",10.3390/ma14164357,34442878,Nanostructured Surfaces to Promote Osteoblast Proliferation and Minimize Bacterial Adhesion on Titanium,"Camargo, SEA and Xia, X and Fares, C and Ren, F and Hsu, SM and Budei, D and Aravindraja, C and Kesavalu, L and Esquivel-Upshaw, JF","Materials (Basel, Switzerland)",2021,8,4,1,a-SiC,TRUE,FALSE,FALSE,FALSE,FALSE,FALSE,1,Ortho_Dental,FALSE,FALSE,FALSE,TRUE,FALSE,FALSE,1,CellCulture,FALSE,FALSE,FALSE,FALSE,FALSE,TRUE,FALSE
"Cappi, B 2010",10.1002/jbm.a.32527,19484770,Cytocompatibility of high strength non-oxide ceramics,"Cappi, B and Neuss, S and Salber, J and Telle, R and Knuchel, R and Fischer, H",Journal of biomedical materials research. Part A,2010,3,1,1,other,FALSE,TRUE,FALSE,FALSE,FALSE,FALSE,1,Ortho_Dental,FALSE,FALSE,FALSE,TRUE,FALSE,FALSE,3,"Fabrication,CellCulture,ExVivo",FALSE,FALSE,FALSE,TRUE,FALSE,TRUE,TRUE
"Carrie, D 2007",10.1111/j.1540-8183.2001.tb00702.x,12053317,Initial and follow-up results of the Tenax coronary stent,"Carrie, D and Khalifé, K and Hamon, M and Citron, B and Monassier, JP and Sabatier, R and Lipiecky, J and Mourali, S and Sarfaty, L and Elbaz, M and Fourcade, J and Puel, J",Journal of interventional cardiology,2007,6,,1,a-SiC,TRUE,FALSE,FALSE,FALSE,FALSE,FALSE,1,Cardiovascular,FALSE,FALSE,TRUE,FALSE,FALSE,FALSE,4,"Fabrication,MaterialProperties,CellCulture,InVivo_Human",FALSE,TRUE,TRUE,TRUE,FALSE,TRUE,FALSE
"Chandrasekhar, J 2020",10.1016/j.jcin.2019.11.023,32273094,1-Year Clinical Outcomes of All Comers Treated With 2 Bioresorbable Polymer-Coated Sirolimus-Eluting Stents: Propensity Score-Matched Comparison of the COMBO and Ultrathin-Strut Orsiro Stents,"Chandrasekhar, J and Kok, MM and Kalkman, DN and Aquino, MB and Zocca, P and Woudstra, P and Beijk, MA and Kerkmeijer, LS and Sartori, S and Baber, U and Tijssen, JG and Koch, KT and Dangas, GD and Colombo, A and Pocock, S and von Birgelen, C and Mehran, R and de Winter, RJ",JACC. Cardiovascular interventions,2020,4,13,1,a-SiC,TRUE,FALSE,FALSE,FALSE,FALSE,FALSE,1,Cardiovascular,FALSE,FALSE,TRUE,FALSE,FALSE,FALSE,1,InVivo_Animal,TRUE,FALSE,FALSE,FALSE,FALSE,FALSE,FALSE
"Chen, F 2018",10.1016/j.biomaterials.2018.06.027,29980075,Cellular toxicity of silicon carbide nanomaterials as a function of morphology,"Chen, F and Li, G and Zhao, ER and Li, J and Hableel, G and Lemaster, JE and Bai, Y and Sen, GL and Jokerst, JV",Biomaterials,2018,6,22,1,other,FALSE,TRUE,FALSE,FALSE,FALSE,FALSE,1,Biosensors,FALSE,TRUE,FALSE,FALSE,FALSE,FALSE,3,"Fabrication,MaterialProperties,CellCulture",FALSE,FALSE,TRUE,TRUE,FALSE,TRUE,FALSE
"Chen, F 2019",10.1039/c9na00237e,33313479,Silicon Carbide Nanoparticles as a Photoacoustic and Photoluminescent Dual-Imaging Contrast Agent for Long-Term Cell Tracking,"Chen, F and Zhao, ER and Hu, T and Shi, Y and Sirbuly, DJ and Jokerst, JV",Nanoscale Advances,2019,7,25,1,3C-SiC,FALSE,FALSE,FALSE,TRUE,FALSE,FALSE,1,OtherTechnologies,FALSE,FALSE,FALSE,FALSE,FALSE,TRUE,1,CellCulture,FALSE,FALSE,FALSE,FALSE,FALSE,TRUE,FALSE
"Chen, X 2022",10.1177/08853282221076226,35321568,Fabrication of porous gehlenite coating on Al(2)O(3)-ZrO(2)-SiC composite ceramics and its in vitro biological activities,"Chen, X and Li, J and Gu, S and Wu, Z and Wen, F and Luo, L and Li, J and Chen, Y",Journal of biomaterials applications,2022,7,1,1,other,FALSE,TRUE,FALSE,FALSE,FALSE,FALSE,1,Ortho_Dental,FALSE,FALSE,FALSE,TRUE,FALSE,FALSE,2,"MaterialProperties,Benchtop",FALSE,FALSE,TRUE,FALSE,TRUE,FALSE,FALSE
"Chen, Z 2019",10.1111/jace.16525,31819280,Demonstration of SiO2/SiC-based protective coating for dental ceramic prostheses,"Chen, ZT and Fares, C and Elhassani, R and Ren, F and Kim, M and Hsu, SM and Clark, AE and Esquivel-Upshaw, JF",JOURNAL OF THE AMERICAN CERAMIC SOCIETY,2019,4,30,1,other,FALSE,TRUE,FALSE,FALSE,FALSE,FALSE,1,Ortho_Dental,FALSE,FALSE,FALSE,TRUE,FALSE,FALSE,2,"MaterialProperties,Benchtop",FALSE,FALSE,TRUE,FALSE,TRUE,FALSE,FALSE
"Christel, P 1987",https://pubmed.ncbi.nlm.nih.gov/3624286/,3624286,Development of a carbon-carbon hip prosthesis,"Christel, P and Meunier, A and Leclercq, S and Bouquet, P and Buttazzoni, B",Journal of biomedical materials research,1987,8,,1,other,FALSE,TRUE,FALSE,FALSE,FALSE,FALSE,1,Ortho_Dental,FALSE,FALSE,FALSE,TRUE,FALSE,FALSE,2,"MaterialProperties,ExVivo",FALSE,FALSE,TRUE,FALSE,FALSE,FALSE,TRUE
"Cogan, S 2003",10.1002/jbm.a.10152,14613234,Plasma-enhanced chemical vapor deposited silicon carbide as an implantable dielectric coating,"Cogan, SF and Edell, DJ and Guzelian, AA and Ping Liu, Y and Edell, R",Journal of biomedical materials research. Part A,2003,12,1,1,a-SiC,TRUE,FALSE,FALSE,FALSE,FALSE,FALSE,1,Neural,TRUE,FALSE,FALSE,FALSE,FALSE,FALSE,4,"MaterialProperties,Benchtop,CellCulture,InVivo_Animal",TRUE,FALSE,TRUE,FALSE,TRUE,TRUE,FALSE
"Cogan, S 2013",10.1109/NER.2013.6696106,,Stability of thin-film wireless recording and stimulation devices for epilepsy monitoring,"Cogan, Stuart F. and Troyk, Philip R. and DeMichele, Glenn",2013 6th International IEEE/EMBS Conference on Neural Engineering (NER),2013,11,,2,"a-SiC,other",TRUE,TRUE,FALSE,FALSE,FALSE,FALSE,1,Neural,TRUE,FALSE,FALSE,FALSE,FALSE,FALSE,1,Benchtop,FALSE,FALSE,FALSE,FALSE,TRUE,FALSE,FALSE
"Colett, C 2007",10.1109/IEMBS.2007.4353678,18003344,Biocompatibility and wettability of crystalline SiC and Si surfaces,"Colett, C and Jaroszeski, M.J. and Pallaoro, A and Hoff, A.M. and Iannotta, S. and Saddow, S.E.",2007 29th Annual International Conference of the IEEE Engineering in Medicine and Biology Society,2007,8,23,4,"3C-SiC,4H-SiC,6H-SiC,other",FALSE,TRUE,FALSE,TRUE,TRUE,TRUE,1,Biosensors,FALSE,TRUE,FALSE,FALSE,FALSE,FALSE,3,"Fabrication,MaterialProperties,CellCulture",FALSE,FALSE,TRUE,TRUE,FALSE,TRUE,FALSE
"Cvancara, P 2019",10.1109/NER.2019.8716920,,3D Patterned Thin-Film Electrodes for Neural Prosthetics-Proof of Concept,"Cvancara, P. and Newman, S. and Stieglitz, T.",2019 9th International IEEE/EMBS Conference on Neural Engineering (NER),2019,3,,1,other,FALSE,TRUE,FALSE,FALSE,FALSE,FALSE,1,Neural,TRUE,FALSE,FALSE,FALSE,FALSE,FALSE,3,"Fabrication,MaterialProperties,Benchtop",FALSE,FALSE,TRUE,TRUE,TRUE,FALSE,FALSE
"Cvancara, P 2020",10.1088/1741-2552/ab9a9a,32512544,Stability of flexible thin-film metallization stimulation electrodes: analysis of explants after first-in-human study and improvement of in vivo performance,"Cvancara, P and Boretius, T and  Lopez-Alvarez, VM and Maciejasz, P and Andreu, D and Raspopovic, S and Petrini, F and Micera, S and Granata, G and Fernandez, E and Rossini, PM and Yoshida, K and Jensen, W and Divoux, JL and Guiraud, D and Navarro, X and Stieglitz, T",Journal of neural engineering,2020,7,10,1,a-SiC,TRUE,FALSE,FALSE,FALSE,FALSE,FALSE,1,Neural,TRUE,FALSE,FALSE,FALSE,FALSE,FALSE,5,"Fabrication,MaterialProperties,Benchtop,InVivo_Animal,InVivo_Human",TRUE,TRUE,TRUE,TRUE,TRUE,FALSE,FALSE
"Dahm, J 2009",10.4244/eijv4i4a85,19284073,"Clinical investigation into the observation that silicon carbide coating on cobalt chromium stents leads to early differentiating functional endothelial layer, increased safety and DES-like recurrent stenosis rates: results of the PRO-Heal Registry (PRO-Kinetic enhancing rapid in-stent endothelialisation)","Dahm, JB and Willems, T and Wolpers, HG and Nordbeck, H and Becker, J and Ruppert, J",EuroIntervention,2009,1,,1,a-SiC,TRUE,FALSE,FALSE,FALSE,FALSE,FALSE,1,Cardiovascular,FALSE,FALSE,TRUE,FALSE,FALSE,FALSE,3,"MaterialProperties,CellCulture,InVivo_Human",FALSE,TRUE,TRUE,FALSE,FALSE,TRUE,FALSE
"Das, M 2024",10.1016/j.jmbbm.2023.106290,38088010,Enhanced toughness and strength of 3D printed carbide-oxide composite for biomedical applications,"Das, M and Dixit, A and Jana, A and Karthik, R and Sreeram, PR and Bora, H and Dhara, S and Panda, SK and Tiwary, CS",Journal of the mechanical behavior of biomedical materials,2024,11,28,1,other,FALSE,TRUE,FALSE,FALSE,FALSE,FALSE,1,Ortho_Dental,FALSE,FALSE,FALSE,TRUE,FALSE,FALSE,4,"Fabrication,MaterialProperties,Benchtop,CellCulture",FALSE,FALSE,TRUE,TRUE,TRUE,TRUE,FALSE
"de Carlos, A 2006",10.1007/s10856-006-8935-1,16691350,Behaviour of MG-63 osteoblast-like cells on wood-based biomorphic SiC ceramics coated with bioactive glass,"de Carlos, A and Borrajo, JP and Serra, J and Gonzalez, P and Leon, B",Journal of materials science. Materials in medicine,2006,6,15,1,other,FALSE,TRUE,FALSE,FALSE,FALSE,FALSE,1,Ortho_Dental,FALSE,FALSE,FALSE,TRUE,FALSE,FALSE,3,"Fabrication,MaterialProperties,CellCulture",FALSE,FALSE,TRUE,TRUE,FALSE,TRUE,FALSE
"Deeken, C 2011a",10.1002/jbm.b.31778,21210516,"Assessment of the biocompatibility of two novel, bionanocomposite scaffolds in a rodent model","Deeken, CR and Esebua, M and Bachman, SL and Ramshaw, BJ and Grant, SA","Journal of biomedical materials research. Part B, Applied biomaterials",2011,1,5,1,other,FALSE,TRUE,FALSE,FALSE,FALSE,FALSE,1,OtherTechnologies,FALSE,FALSE,FALSE,FALSE,FALSE,TRUE,2,"MaterialProperties,InVivo_Animal",TRUE,FALSE,TRUE,FALSE,FALSE,FALSE,FALSE
"Deeken, C 2011b",10.1002/jbm.b.31819,21394904,Characterization of bionanocomposite scaffolds comprised of amine-functionalized gold nanoparticles and silicon carbide nanowires crosslinked to an acellular porcine tendon,"Deeken, CR and Fox, DB and Bachman, SL and Ramshaw, BJ and Grant, SA","Journal of biomedical materials research. Part B, Applied biomaterials",2011,5,,1,other,FALSE,TRUE,FALSE,FALSE,FALSE,FALSE,1,OtherTechnologies,FALSE,FALSE,FALSE,FALSE,FALSE,TRUE,3,"MaterialProperties,Benchtop,CellCulture",FALSE,FALSE,TRUE,FALSE,TRUE,TRUE,FALSE
"Deku, F 2018a",10.1088/1741-2552/aa8f8b,28952963,Amorphous silicon carbide ultramicroelectrode arrays for neural stimulation and recording,"Deku, F and Cohen, Y and Joshi-Imre, A and Kanneganti, A and Gardner, TJ and Cogan, SF",Journal of neural engineering,2018,2,1,1,a-SiC,TRUE,FALSE,FALSE,FALSE,FALSE,FALSE,1,Neural,TRUE,FALSE,FALSE,FALSE,FALSE,FALSE,3,"Fabrication,Benchtop,InVivo_Animal",TRUE,FALSE,FALSE,TRUE,TRUE,FALSE,FALSE
"Deku, F 2018b",10.3390/mi9100480,30424413,Amorphous Silicon Carbide Platform for Next Generation Penetrating Neural Interface Designs,"Deku, F and Frewin, CL and Stiller, A and Cohen, Y and Aqeel, S and Joshi-Imre, A and Black, B and Gardner, TJ and Pancrazio, JJ and Cogan, SF",Micromachines,2018,9,20,1,a-SiC,TRUE,FALSE,FALSE,FALSE,FALSE,FALSE,1,Neural,TRUE,FALSE,FALSE,FALSE,FALSE,FALSE,3,"Fabrication,MaterialProperties,InVivo_Animal",TRUE,FALSE,TRUE,TRUE,FALSE,FALSE,FALSE
"Deku, F 2018c",10.1002/jbm.b.34258,30321479,Effect of oxidation on intrinsic residual stress in amorphous silicon carbide films,"Deku, F and Mohammed, S and Joshi-Imre, A and Maeng, J and Danda, V and Gardner, TJ and Cogan, SF","Journal of biomedical materials research. Part B, Applied biomaterials",2018,10,15,1,a-SiC,TRUE,FALSE,FALSE,FALSE,FALSE,FALSE,1,Neural,TRUE,FALSE,FALSE,FALSE,FALSE,FALSE,2,"Fabrication,MaterialProperties",FALSE,FALSE,TRUE,TRUE,FALSE,FALSE,FALSE
"Delgado-Lopez, J 2013",10.1016/j.jinorgbio.2013.04.004,23648093,Bio-inspired citrate-functionalized apatite thin films crystallized on Ti-6Al-4V implants pre-coated with corrosion resistant layers,"Delgado-Lopez, JM and Iafisco, M and Rodriguez-Ruiz, I and Gomez-Morales, J",Journal of inorganic biochemistry,2013,10,,1,other,FALSE,TRUE,FALSE,FALSE,FALSE,FALSE,1,Ortho_Dental,FALSE,FALSE,FALSE,TRUE,FALSE,FALSE,2,"Fabrication,MaterialProperties",FALSE,FALSE,TRUE,TRUE,FALSE,FALSE,FALSE
"Dey, A 2012",10.1002/cplu.201200118,,Biomimetic Mineralization of Calcium Phosphate on a Functionalized Porous Silicon Carbide Biomaterial,"Dey, A and van den Hoogen, CJ and Rosso, M and Lousberg, N and Hendrix, MMRM and Friedrich, H and Rami­rez-Rico, J and Zuilhof, H and de With, G and Sommerdijk, NAJM",CHEMPLUSCHEM,2012,8,,1,other,FALSE,TRUE,FALSE,FALSE,FALSE,FALSE,1,Ortho_Dental,FALSE,FALSE,FALSE,TRUE,FALSE,FALSE,2,"Fabrication,Benchtop",FALSE,FALSE,FALSE,TRUE,TRUE,FALSE,FALSE
"Di Trani, N 2020",10.3390/pharmaceutics12070679,32707665,Silicon Nanofluidic Membrane for Electrostatic Control of Drugs and Analytes Elution,"Di Trani, N and Silvestri, A and Wang, Y and Demarchi, D and Liu, X and Grattoni, A",Pharmaceutics,2020,7,19,1,a-SiC,TRUE,FALSE,FALSE,FALSE,FALSE,FALSE,1,DrugRelease,FALSE,FALSE,FALSE,FALSE,TRUE,FALSE,2,"MaterialProperties,Benchtop",FALSE,FALSE,TRUE,FALSE,TRUE,FALSE,FALSE
"Diaz-Botia, C 2017a",10.1109/NER.2017.8008319,,Fabrication of all-silicon carbide neural interfaces,"Diaz-Botia, C. A. and Luna, L. E. and Chamanzar, M. and Carraro, C. and Sabes, P. N. and Maboudian, R. and Maharbiz, M. M. ",2017 8th International IEEE/EMBS Conference on Neural Engineering (NER),2017,5,,2,"a-SiC,3C-SiC",TRUE,FALSE,FALSE,TRUE,FALSE,FALSE,1,Neural,TRUE,FALSE,FALSE,FALSE,FALSE,FALSE,2,"Fabrication,Benchtop",FALSE,FALSE,FALSE,TRUE,TRUE,FALSE,FALSE
"Diaz-Botia, C 2017b",10.1088/1741-2552/aa7698,28573982,A silicon carbide array for electrocorticography and peripheral nerve recording,"Diaz-Botia, CA and Luna, LE and Neely, RM and Chamanzar, M and Carraro, C and Carmena, JM and Sabes, PN and Maboudian, R and Maharbiz, MM",Journal of neural engineering,2017,8,16,2,"a-SiC,3C-SiC",TRUE,FALSE,FALSE,TRUE,FALSE,FALSE,1,Neural,TRUE,FALSE,FALSE,FALSE,FALSE,FALSE,4,"Fabrication,MaterialProperties,Benchtop,InVivo_Animal",TRUE,FALSE,TRUE,TRUE,TRUE,FALSE,FALSE
"Diaz-Rodriguez, P 2011",10.1007/s10856-010-4196-0,21132518,Bio-inspired porous SiC ceramics loaded with vancomycin for preventing MRSA infections,"Diaz-Rodriguez, P and Landin, M and Rey-Rico, A and Couceiro, J and  Coenye, T and González, P and Serra, J and Lopez-Alvarez, M and Leon, B",Journal of materials science. Materials in medicine,2011,2,,1,other,FALSE,TRUE,FALSE,FALSE,FALSE,FALSE,2,"Ortho_Dental,DrugRelease",FALSE,FALSE,FALSE,TRUE,TRUE,FALSE,3,"MaterialProperties,Benchtop,CellCulture",FALSE,FALSE,TRUE,FALSE,TRUE,TRUE,FALSE
"Diaz-Rodriguez, P 2014",10.1016/j.msec.2014.04.058,24907756,Key parameters in blood-surface interactions of 3D bioinspired ceramic materials,"Diaz-Rodriguez, P and Gonzalez, P and Serra, J and Landin, M","Materials science & engineering. C, Materials for biological applications",2014,8,1,1,crystalline_unspecified,FALSE,FALSE,TRUE,FALSE,FALSE,FALSE,1,OtherTechnologies,FALSE,FALSE,FALSE,FALSE,FALSE,TRUE,4,"Fabrication,MaterialProperties,Benchtop,CellCulture",FALSE,FALSE,TRUE,TRUE,TRUE,TRUE,FALSE
"Diaz-Rodriguez, P 2015",10.1088/1748-6041/10/4/045017,26238485,The synergistic effect of VEGF and biomorphic silicon carbides topography on in vivo angiogenesis and human bone marrow derived mesenchymal stem cell differentiation,"Diaz-Rodriguez, P and Gomez-Amoza, JL and Landin, M","Biomedical materials (Bristol, England)",2015,8,4,1,other,FALSE,TRUE,FALSE,FALSE,FALSE,FALSE,1,Ortho_Dental,FALSE,FALSE,FALSE,TRUE,FALSE,FALSE,3,"Benchtop,CellCulture,InVivo_Animal",TRUE,FALSE,FALSE,FALSE,TRUE,TRUE,FALSE
"Dobariya, A 2022",10.1038/s41598-022-19688-2,36109613,Recording of pig neuronal activity in the comparative context of the awake human brain,"Dobariya, A. and El Ahmadieh, T.Y. and Good, L.B. and Hernandez-Reynoso, A.G. and Jakkamsetti, V. and Brown, R. and Dunbar, M. and Ding, K. and Luna, J. and Kallem, R.R. and Putnam, W.C. and Shelton, J.M. and Evers, B.M. and Azami, A. and Geramifard, N. and Cogan, S.F. and Mickey, B. and Pascual, J.M.",Nature Scientific reports,2022,9,15,1,a-SiC,TRUE,FALSE,FALSE,FALSE,FALSE,FALSE,1,Neural,TRUE,FALSE,FALSE,FALSE,FALSE,FALSE,2,"InVivo_Animal,InVivo_Human",TRUE,TRUE,FALSE,FALSE,FALSE,FALSE,FALSE
"Dos Santos Calderon, P 2024",10.3390/ma17153843,39124507,Impact of Silicon Carbide Coating and Nanotube Diameter on the Antibacterial Properties of Nanostructured Titanium Surfaces,"Dos Santos Calderon, P and Chairmandurai, A and Xia, X and Rocha, FG and Camargo, SEA and Lakshmyya, K and Ren, F and Esquivel-Upshaw, JF","Materials (Basel, Switzerland)",2024,8,2,1,other,FALSE,TRUE,FALSE,FALSE,FALSE,FALSE,1,Ortho_Dental,FALSE,FALSE,FALSE,TRUE,FALSE,FALSE,4,"Fabrication,MaterialProperties,Benchtop,CellCulture",FALSE,FALSE,TRUE,TRUE,TRUE,TRUE,FALSE
"Duran-Martinez, A 2021",10.1557/s43580-021-00159-1,,Inter-layer coatings for softening polymer-based neural interfaces,"Duran-Martinez, AC and Rocha-Flores, PE and Garcia-Sandoval, A and Badhe, YR and Krishnasamy, R and Joshi-Imre, A and Cogan, SF and Voit, WE",MRS ADVANCES,2021,11,16,1,a-SiC,TRUE,FALSE,FALSE,FALSE,FALSE,FALSE,1,Neural,TRUE,FALSE,FALSE,FALSE,FALSE,FALSE,2,"MaterialProperties,Benchtop",FALSE,FALSE,TRUE,FALSE,TRUE,FALSE,FALSE
"Eck, S 1995",10.1109/IEMBS.1995.579818,,Integrated thin film resistor arrays for electronic implants based on microcrystalline silicon carbide,"Eck, S. and Bolt, A. and Schaldach, M.",Proceedings of 17th International Conference of the Engineering in Medicine and Biology Society,1995,9,20,2,"a-SiC,crystalline_unspecified",TRUE,FALSE,TRUE,FALSE,FALSE,FALSE,1,OtherTechnologies,FALSE,FALSE,FALSE,FALSE,FALSE,TRUE,2,"Fabrication,MaterialProperties",FALSE,FALSE,TRUE,TRUE,FALSE,FALSE,FALSE
"Elbaz, M 2002",10.1002/ccd.10240,12112881,Does stent design affect the long-term outcome after coronary stenting?,"Elbaz, M and El Mokhtar, E and Fourcade, J and Mourali, S and Hobeika, R and Carrié, D and Puel, J",Catheterization and Cardiovascular Interventions,2002,7,,2,"a-SiC,other",TRUE,TRUE,FALSE,FALSE,FALSE,FALSE,1,Cardiovascular,FALSE,FALSE,TRUE,FALSE,FALSE,FALSE,2,"CellCulture,InVivo_Human",FALSE,TRUE,FALSE,FALSE,FALSE,TRUE,FALSE
"El-Ghannam, A 2020",10.1002/jbm.a.36973,32319213,Synthesis and characterization of porous bioactive SiC tissue engineering scaffold,"El-Ghannam, A and Greenier, M and Johnson, M and Marriott, I",Journal of biomedical materials research. Part A,2020,4,22,1,other,FALSE,TRUE,FALSE,FALSE,FALSE,FALSE,1,Ortho_Dental,FALSE,FALSE,FALSE,TRUE,FALSE,FALSE,4,"Fabrication,MaterialProperties,Benchtop,CellCulture",FALSE,FALSE,TRUE,TRUE,TRUE,TRUE,FALSE
"El-Ghannam, A 2025",10.1002/jbm.a.37801,,"Novel 3D printed bioactive SiC orthopedic screw promotes bone growth associated activities by macrophages, neurons, and osteoblasts","El-Ghannam, A and Sultana, F and Dréau, Didier and Tiwari, A and Yang, IH and AlFotawi, R and Knabe-Ducheyne, C",Journal of biomedical materials research. Part A,2025,1,,1,a-SiC,TRUE,FALSE,FALSE,FALSE,FALSE,FALSE,1,Ortho_Dental,FALSE,FALSE,FALSE,TRUE,FALSE,FALSE,4,"Fabrication,MaterialProperties,CellCulture,InVivo_Animal",TRUE,FALSE,TRUE,TRUE,FALSE,TRUE,FALSE
"Faisal, S 2021",10.1088/1741-2552/ac4085,34874291,Non-invasive on-skin sensors for brain machine interfaces with epitaxial graphene,"Faisal, SN and Amjadipour, M and Izzo, K and Singer, JA and Bendavid, A and Lin, CT and Iacopi, F",Journal of neural engineering,2021,12,23,1,3C-SiC,FALSE,FALSE,FALSE,TRUE,FALSE,FALSE,1,Neural,TRUE,FALSE,FALSE,FALSE,FALSE,FALSE,3,"MaterialProperties,Benchtop,InVivo_Human",FALSE,TRUE,TRUE,FALSE,TRUE,FALSE,FALSE
"Farshadi, M 2019",10.1002/cbin.11124,30811084,Nanocomposite scaffold seeded with mesenchymal stem cells for bone repair,"Farshadi, M and Johari, B and Erfani, Ezadyar, E and Gholipourmalekabadi, M and Azami, M and Madanchi, H and Haramshahi, SMA and Yari, A and Karimizade, A and Nekouian, R and Samadikuchaksaraei, A",Cell biology international,2019,12,,1,other,FALSE,TRUE,FALSE,FALSE,FALSE,FALSE,1,Ortho_Dental,FALSE,FALSE,FALSE,TRUE,FALSE,FALSE,2,"CellCulture,InVivo_Animal",TRUE,FALSE,FALSE,FALSE,FALSE,TRUE,FALSE
"Fathi, F 2023",10.1021/acs.analchem.2c03609,36893723,Nitrogen-Doped 4H Silicon Carbide Single-Crystal Electrode for Selective Electrochemical Sensing of Dopamine,"Fathi, F and Sueoka, B and Zhao, F and Zeng, X",Analytical chemistry,2023,3,21,1,4H-SiC,FALSE,FALSE,FALSE,FALSE,TRUE,FALSE,2,"Neural,Biosensors",TRUE,TRUE,FALSE,FALSE,FALSE,FALSE,2,"MaterialProperties,Benchtop",FALSE,FALSE,TRUE,FALSE,TRUE,FALSE,FALSE
"Feng, C 2021a",10.1007/978-3-030-65261-6_70,,Silicon Carbide Biotechnology: Carbon-Based Neural Interfaces,"Feng, CY and Beygi, M and Frewin, CL and Tanjil, MRE and Kumar, A and Wang, MC and Saddow, SE",TMS 2021 150TH ANNUAL MEETING & EXHIBITION SUPPLEMENTAL PROCEEDINGS,2021,2,,1,a-SiC,TRUE,FALSE,FALSE,FALSE,FALSE,FALSE,1,Neural,TRUE,FALSE,FALSE,FALSE,FALSE,FALSE,2,"Fabrication,MaterialProperties",FALSE,FALSE,TRUE,TRUE,FALSE,FALSE,FALSE
"Feng, C 2021b",10.3390/mi12070821,34357231,A Flexible a-SiC-Based Neural Interface Utilizing Pyrolyzed-Photoresist Film (C) Active Sites,"Feng, C. and Frewin, C.L. and Tanjil, M.R. and Everly, R. and Bieber, J. and Kumar, A. and Wang, M.C. and Saddow, S.E.",Micromachines,2021,7,13,1,a-SiC,TRUE,FALSE,FALSE,FALSE,FALSE,FALSE,1,Neural,TRUE,FALSE,FALSE,FALSE,FALSE,FALSE,3,"Fabrication,MaterialProperties,Benchtop",FALSE,FALSE,TRUE,TRUE,TRUE,FALSE,FALSE
"Filardo, G 2014",10.1089/ten.TEA.2013.0108,24099033,New bio-ceramization processes applied to vegetable hierarchical structures for bone regeneration: an experimental model in sheep,"Filardo, G and Kon, E and Tampieri, A and Cabezas-Rodríguez, R and Di Martino, A and Fini, M and Giavaresi, G and Lelli, M and Martinez-Fernandez, J and Martini, L and Ramirez-Rico, J and Salamanna, F and Sandri, M and Sprio, S and Marcacci, M",Tissue engineering. Part A,2014,2,,1,other,FALSE,TRUE,FALSE,FALSE,FALSE,FALSE,1,Ortho_Dental,FALSE,FALSE,FALSE,TRUE,FALSE,FALSE,4,"Fabrication,MaterialProperties,Benchtop,InVivo_Animal",TRUE,FALSE,TRUE,TRUE,TRUE,FALSE,FALSE
"Fournier, J 2001",10.1016/s0300-8932(01)76358-0,11412747,Initial results and 6 month clinical follow-up after implantation of a silicon carbide coated coronary stent,"Fournier, JA and Calabuig, J and Merchan, A and Auge, JM and Melgares, R and Colman, T and Martín De Dios, R and Insag, L and Santos, I",Revista Española de Cardiología ,2001,5,,1,a-SiC,TRUE,FALSE,FALSE,FALSE,FALSE,FALSE,1,Cardiovascular,FALSE,FALSE,TRUE,FALSE,FALSE,FALSE,2,"CellCulture,InVivo_Human",FALSE,TRUE,FALSE,FALSE,FALSE,TRUE,FALSE
"Frewin, C 2009",10.1002/jmr.966,19585542,Atomic force microscopy analysis of central nervous system cell morphology on silicon carbide and diamond substrates,"Frewin, CL and Jaroszeski, M and Weeber, E and Muffly, KE and Kumar, A and Peters, M and Oliveros, A and Saddow, SE",Journal of molecular recognition : JMR,2009,9,,1,3C-SiC,FALSE,FALSE,FALSE,TRUE,FALSE,FALSE,1,Neural,TRUE,FALSE,FALSE,FALSE,FALSE,FALSE,3,"MaterialProperties,Benchtop,CellCulture",FALSE,FALSE,TRUE,FALSE,TRUE,TRUE,FALSE
"Frewin, C 2011",10.1109/IEMBS.2011.6090582,22254961,Single-crystal cubic silicon carbide: An in vivo biocompatible semiconductor for brain machine interface devices,"Frewin, CL and Locke, C and Saddow, SE and Weeber, EJ",2011 Annual International Conference of the IEEE Engineering in Medicine and Biology Society,2011,8,30,1,3C-SiC,FALSE,FALSE,FALSE,TRUE,FALSE,FALSE,1,Neural,TRUE,FALSE,FALSE,FALSE,FALSE,FALSE,3,"Fabrication,MaterialProperties,InVivo_Animal",TRUE,FALSE,TRUE,TRUE,FALSE,FALSE,FALSE
"Frewin, C 2013",10.1109/NER.2013.6696021,,Silicon carbide neural implants: In vivo neural tissue reaction,"Frewin, CL and Locke, C and Mariusso, L and Weeber, EJ and Saddow, SE",2013 6TH INTERNATIONAL IEEE/EMBS CONFERENCE ON NEURAL ENGINEERING (NER),2013,11,6,1,3C-SiC,FALSE,FALSE,FALSE,TRUE,FALSE,FALSE,1,Neural,TRUE,FALSE,FALSE,FALSE,FALSE,FALSE,3,"Fabrication,MaterialProperties,InVivo_Animal",TRUE,FALSE,TRUE,TRUE,FALSE,FALSE,FALSE
"Frewin, C 2016",10.1149/07512.0039ecst,,Silicon Carbide As a Robust Neural Interface (Invited),"Frewin, CL and Bernardin, E and Deku, F and Everly, R and Ul Hassan, J and Pancrazio, JJ and Saddow, SE",GALLIUM NITRIDE AND SILICON CARBIDE POWER TECHNOLOGIES 6,2016,,,2,"a-SiC,4H-SiC",TRUE,FALSE,FALSE,FALSE,TRUE,FALSE,1,Neural,TRUE,FALSE,FALSE,FALSE,FALSE,FALSE,3,"Fabrication,MaterialProperties,Benchtop",FALSE,FALSE,TRUE,TRUE,TRUE,FALSE,FALSE
"Gavalas, M 2025",10.3390/coatings15010106,,Temperature Influence on the Deposition of Nitrogen-Doped Silicon Carbide Polycrystalline Films,"Gavalas, M and Greenhorn, S and Mercier, F and Zekentes, K",COATINGS,2025,1,,1,3C-SiC,FALSE,FALSE,FALSE,TRUE,FALSE,FALSE,1,Neural,TRUE,FALSE,FALSE,FALSE,FALSE,FALSE,3,"Fabrication,MaterialProperties,Benchtop",FALSE,FALSE,TRUE,TRUE,TRUE,FALSE,FALSE
"Gazziro, M 2015",10.1109/EMBC.2015.7319537,,Transmission of wireless neural signals through a 0.18µm CMOS low-power amplifier,"Gazziro, M and Braga, C. F. R. and Moreira, D. A.  and Carvalho, A. C. P. L. F. and  Rodrigues, J. F. and Navarro, J. S. and Ardila, J. C. M. and Mioni, D. P.  and  Pessatti, M. and Fabbro, P.  and Freewin, C. and Saddow, S. E.",2015 37th Annual International Conference of the IEEE Engineering in Medicine and Biology Society (EMBC),2015,,,2,"a-SiC,3C-SiC",TRUE,FALSE,FALSE,TRUE,FALSE,FALSE,1,Neural,TRUE,FALSE,FALSE,FALSE,FALSE,FALSE,1,Benchtop,FALSE,FALSE,FALSE,FALSE,TRUE,FALSE,FALSE
"Geramifard, N 2022a",10.1088/1741-2552/ac5bf4,35263724,Insertion mechanics of amorphous SiC ultra-micro scale neural probes,"Geramifard, N. and Dousti, B. and Nguyen, C. and Abbott, J. and Cogan, S.F. and Varner, V.D.",Journal of neural engineering,2022,4,8,1,a-SiC,TRUE,FALSE,FALSE,FALSE,FALSE,FALSE,1,Neural,TRUE,FALSE,FALSE,FALSE,FALSE,FALSE,3,"Fabrication,Benchtop,InVivo_Animal",TRUE,FALSE,FALSE,TRUE,TRUE,FALSE,FALSE
"Geramifard, N 2022b",10.3390/mi13101692,36296045,A Novel 3D Helical Microelectrode Array for In Vitro Extracellular Action Potential Recording,"Geramifard, N and Lawson, J and Cogan, SF and Black, BJ",Micromachines,2022,10,8,1,a-SiC,TRUE,FALSE,FALSE,FALSE,FALSE,FALSE,1,Neural,TRUE,FALSE,FALSE,FALSE,FALSE,FALSE,3,"Fabrication,Benchtop,CellCulture",FALSE,FALSE,FALSE,TRUE,TRUE,TRUE,FALSE
"Geramifard, N 2024",10.1021/acsami.4c11773,,Flexible and Extensible Ribbon-Cable Interconnects for Implantable Electrical Neural Interfaces,"Geramifard, N and Khajehzadeh, M and Dousti, B and Abbott, JR and Nguyen, CK and Hernandez-Reynoso, AG and Joshi-Imre, A and Varner, VD and Cogan, SF",ACS APPLIED MATERIALS & INTERFACES,2024,10,30,1,a-SiC,TRUE,FALSE,FALSE,FALSE,FALSE,FALSE,1,Neural,TRUE,FALSE,FALSE,FALSE,FALSE,FALSE,4,"Fabrication,MaterialProperties,Benchtop,InVivo_Animal",TRUE,FALSE,TRUE,TRUE,TRUE,FALSE,FALSE
"Ghazavi, A 2020",10.1016/j.bios.2020.112608,33035896,Intraneural ultramicroelectrode arrays for function-specific interfacing to the vagus nerve,"Ghazavi, A and Gonzalez-Gonzalez, MA and Romero-Ortega, MI and Cogan, SF ",Biosensors & bioelectronics,2020,9,22,1,a-SiC,TRUE,FALSE,FALSE,FALSE,FALSE,FALSE,1,Neural,TRUE,FALSE,FALSE,FALSE,FALSE,FALSE,3,"Fabrication,Benchtop,InVivo_Animal",TRUE,FALSE,FALSE,TRUE,TRUE,FALSE,FALSE
"Giolando, D 2002",10.1002/1521-3862(20020503)8:3<93::AID-CVDE93>3.0.CO;2-B,,CVD of alumina on carbon and silicon carbide microfiber substrates for microelectrode development,"Giolando, DM and Kirchhoff, JR and Mueller, H and Nguyen, PQ and Odeh, IN",CHEMICAL VAPOR DEPOSITION,2002,5,6,1,other,FALSE,TRUE,FALSE,FALSE,FALSE,FALSE,1,OtherTechnologies,FALSE,FALSE,FALSE,FALSE,FALSE,TRUE,2,"Fabrication,Benchtop",FALSE,FALSE,FALSE,TRUE,TRUE,FALSE,FALSE
"Goel, S 2014",10.1016/j.jmbbm.2013.12.005,24444812,Incipient plasticity in 4H-SiC during quasistatic nanoindentation,"Goel, S and Yan, J and Luo, X and Agrawal, A",Journal of the mechanical behavior of biomedical materials,2014,6,,1,4H-SiC,FALSE,FALSE,FALSE,FALSE,TRUE,FALSE,1,Ortho_Dental,FALSE,FALSE,FALSE,TRUE,FALSE,FALSE,2,"MaterialProperties,Benchtop",FALSE,FALSE,TRUE,FALSE,TRUE,FALSE,FALSE
"Gomez, R 2006",10.1007/s10544-006-6381-y,16491330,A SiC microdevice for the minimally invasive monitoring of ischemia in living tissues,"Gomez, R and Ivorra, A and Villa, R and Godignon, P and Millan, J and Erill, I and Sola,  A and Hotter, G and Palacios, L",Biomedical microdevices,2006,3,,1,6H-SiC,FALSE,FALSE,FALSE,FALSE,FALSE,TRUE,1,Cardiovascular,FALSE,FALSE,TRUE,FALSE,FALSE,FALSE,4,"Fabrication,MaterialProperties,Benchtop,InVivo_Animal",TRUE,FALSE,TRUE,TRUE,TRUE,FALSE,FALSE
"Gonzalez, P 2003a",10.1016/s0142-9612(03)00405-8,14530079,New biomorphic SiC ceramics coated with bioactive glass for biomedical applications,"Gonzalez, P and  Serra, J and Liste, S and Chiussi, S and Leon, B and Perez-Amor, M and Martinez-Fernsndez, J and de Arellano-Lopez, AR and Varela-Feria, FM",Biomaterials,2003,11,,1,other,FALSE,TRUE,FALSE,FALSE,FALSE,FALSE,1,Ortho_Dental,FALSE,FALSE,FALSE,TRUE,FALSE,FALSE,2,"MaterialProperties,Benchtop",FALSE,FALSE,TRUE,FALSE,TRUE,FALSE,FALSE
"Gonzalez, P 2003b",10.4028/www.scientific.net/KEM.254-256.1029,,Extensive studies on biomorphic SiC ceramics properties for medical applications,"Gonzalez, P and Borrajo, JP and Serra, J and Liste, S and Chiussi, S and Leon, B and Semmelmann, K and de Carlos, A and Varela-Feria, FM and Martinez-Fernandez, J and de Arellano-Lopez, AR",BIOCERAMICS 16,2003,12,15,1,other,FALSE,TRUE,FALSE,FALSE,FALSE,FALSE,1,OtherTechnologies,FALSE,FALSE,FALSE,FALSE,FALSE,TRUE,3,"Fabrication,MaterialProperties,CellCulture",FALSE,FALSE,TRUE,TRUE,FALSE,TRUE,FALSE
"Gonzalez, P 2008",10.1002/jbm.a.31951,18384165,A new generation of bio-derived ceramic materials for medical applications,"Gonzalez, P and Borrajo, JP and Serra, P and  Chiussi, S and Leon, B and Martinez-Fernandez, J and Varela-Feria, FM and de Arellano-Lopez, AR and de Carlos, A and  Munoz, FM ad Lopez, M and Singh, M",Journal of biomedical materials research. Part A,2008,4,2,1,other,FALSE,TRUE,FALSE,FALSE,FALSE,FALSE,1,Ortho_Dental,FALSE,FALSE,FALSE,TRUE,FALSE,FALSE,3,"Benchtop,CellCulture,InVivo_Animal",TRUE,FALSE,FALSE,FALSE,TRUE,TRUE,FALSE
"Gonzalez-Gonzalez, M 2023",10.1109/NER52421.2023.10123843,,Intraneural SiC multi electrodes to detect multimodal sensory signals,"Gonzalez-Gonzalez, M. A. and Ghazavi, A. and Cogan, S. and Romero-Ortega, M. ",2023 11th International IEEE/EMBS Conference on Neural Engineering (NER),2023,4,,1,a-SiC,TRUE,FALSE,FALSE,FALSE,FALSE,FALSE,1,Neural,TRUE,FALSE,FALSE,FALSE,FALSE,FALSE,2,"Fabrication,InVivo_Animal",TRUE,FALSE,FALSE,TRUE,FALSE,FALSE,FALSE
"Gryshkov, O 2016",10.1016/j.msec.2016.05.113,27524006,Porous biomorphic silicon carbide ceramics coated with hydroxyapatite as prospective materials for bone implants,"Gryshkov, O and Klyui, NI and Temchenko, VP and Kyselov, VS and Chatterjee, A and Belyaev, AE and Lauterboeck, L and Iarmolenko, D and Glasmacher, B","Materials science & engineering. C, Materials for biological applications",2016,11,1,1,other,FALSE,TRUE,FALSE,FALSE,FALSE,FALSE,1,Ortho_Dental,FALSE,FALSE,FALSE,TRUE,FALSE,FALSE,3,"Fabrication,MaterialProperties,CellCulture",FALSE,FALSE,TRUE,TRUE,FALSE,TRUE,FALSE
"Haghighi, P 2025",10.3390/mi16020113,40047565,Enhanced Performance of Novel Amorphous Silicon Carbide Microelectrode Arrays in Rat Motor Cortex,"Haghighi, P and Jeakle, EN and Sturgill, BS and Abbott, JR and Solis, E and Devata, VS and Vijayakumar, G and Hernandez-Reynoso, AG and Cogan, SF and Pancrazio, JJ",Micromachines,2025,1,21,1,a-SiC,TRUE,FALSE,FALSE,FALSE,FALSE,FALSE,1,Neural,TRUE,FALSE,FALSE,FALSE,FALSE,FALSE,3,"Fabrication,Benchtop,InVivo_Animal",TRUE,FALSE,FALSE,TRUE,TRUE,FALSE,FALSE
"Haine, S 2013",10.1016/j.cjca.2012.11.030,23422360,Difference in clinical target lesion revascularization between a silicon carbide-coated and an uncoated thin strut bare-metal stent: the PRO-Vision study,"Haine, SE and Cornez, BM and Jacobs, JM and Miljoen, HP and Vandendriessche, TR and Claeys, MJ and Bosmans, JM and Vrints, CJ",Canadian Journal of Cardiology,2013,9,,1,a-SiC,TRUE,FALSE,FALSE,FALSE,FALSE,FALSE,1,Cardiovascular,FALSE,FALSE,TRUE,FALSE,FALSE,FALSE,2,"MaterialProperties,InVivo_Human",FALSE,TRUE,TRUE,FALSE,FALSE,FALSE,FALSE
"Hanekamp, C 1998",10.1080/acc.1.2.81.85,12623396,Initial results and long-term clinical follow-up of an amorphous hydrogenated silicon-carbide-coated stent in daily practice,"Hanekamp, CEE and Bonnier, HJ and Michels, RH and Peels, KH and Heijmen, EP and Hagen, Ev E and Koolen, JJ",International Journal of Cardiovascular Interventions,1998,1,,1,a-SiC,TRUE,FALSE,FALSE,FALSE,FALSE,FALSE,1,Cardiovascular,FALSE,FALSE,TRUE,FALSE,FALSE,FALSE,3,"MaterialProperties,CellCulture,InVivo_Human",FALSE,TRUE,TRUE,FALSE,FALSE,TRUE,FALSE
"Hanekamp, C 2004",10.1016/j.amjcard.2004.01.066,15135695,Randomized comparison of balloon angioplasty versus silicon carbon-coated stent implantation for de novo lesions in small coronary arteries,"Hanekamp, C and Koolen, J and Bonnier, H and Oldroyd, K and de Boer, MJ and Heublein, B and Visser, C",The American Journal of Cardiology,2004,5,,1,a-SiC,TRUE,FALSE,FALSE,FALSE,FALSE,FALSE,1,Cardiovascular,FALSE,FALSE,TRUE,FALSE,FALSE,FALSE,3,"MaterialProperties,CellCulture,InVivo_Human",FALSE,TRUE,TRUE,FALSE,FALSE,TRUE,FALSE
"Hansen, K 2019",10.1186/s12872-019-1199-8,31619181,"Do ultrathin strut bare-metal stents with passive coating improve efficacy in large coronary arteries? Insights from the randomized, multicenter BASKET-PROVE trials","Hansen, KW and Jeger, R and Sørensen, R and Kaiser, C and Pfisterer, M and Biering-Sorensen, T and Bjerking, LH and Galatius, S",BMC cardiovascular disorders,2019,10,16,1,other,FALSE,TRUE,FALSE,FALSE,FALSE,FALSE,1,Cardiovascular,FALSE,FALSE,TRUE,FALSE,FALSE,FALSE,3,"MaterialProperties,CellCulture,InVivo_Human",FALSE,TRUE,TRUE,FALSE,FALSE,TRUE,FALSE
"Hasebe, T 2011",10.1016/j.diamond.2011.04.014,,Design for improved adhesion of fluorine-incorporated hydrogenated amorphous carbon on metallic stent: Three-layered structure with controlled surface free energy,"Hasebe, T and Murakami, K and Nagashima, S and Yoshimoto, Y and Ihara, A and Otake, M and Kasai, R and Kasuya, S and Kitamura, N and Kamijo, A and Terada, H and Hotta, A and Takahashi, K and Suzuki, T",DIAMOND AND RELATED MATERIALS,2011,3,,1,a-SiC,TRUE,FALSE,FALSE,FALSE,FALSE,FALSE,1,Cardiovascular,FALSE,FALSE,TRUE,FALSE,FALSE,FALSE,3,"Fabrication,MaterialProperties,Benchtop",FALSE,FALSE,TRUE,TRUE,TRUE,FALSE,FALSE
"Hashiguchi, K 1999",10.2535/ofaj1936.75.6_281,10217946,Mechanical and histological investigations on pressureless sintered SiC dental implants,"Hashiguchi, K and Hashimoto, K",Okajimas folia anatomica Japonica,1999,3,23,1,other,FALSE,TRUE,FALSE,FALSE,FALSE,FALSE,1,Ortho_Dental,FALSE,FALSE,FALSE,TRUE,FALSE,FALSE,3,"Fabrication,CellCulture,InVivo_Animal",TRUE,FALSE,FALSE,TRUE,FALSE,TRUE,FALSE
"Herbirowo, S 2017",10.1063/1.4976762,,Ex-Situ Manufacturing of SiC-Doped MgB<sub>2</sub> Used for Superconducting Wire in Medical Device Applications,"Herbirowo, S and Imaduddin, A and Sofyan, N and Yuwono, AH","BIOMEDICAL ENGINEERING'S RECENT PROGRESS IN BIOMATERIALS, DRUGS DEVELOPMENT, AND MEDICAL DEVICES",2017,2,21,1,other,FALSE,TRUE,FALSE,FALSE,FALSE,FALSE,1,OtherTechnologies,FALSE,FALSE,FALSE,FALSE,FALSE,TRUE,3,"Fabrication,MaterialProperties,Benchtop",FALSE,FALSE,TRUE,TRUE,TRUE,FALSE,FALSE
"Herrera-Celis, J 2015",10.1109/SBMicro.2015.7298142,,Design of an interdigitated microelectrode biosensor using a-SiC:H surface to capture E. coli,"Herrera-Celis, JL  and  Reyes-Betanzo, C and Diaz, AO",2015 30th Symposium on Microelectronics Technology and Devices (SBMicro),2015,8,,1,a-SiC,TRUE,FALSE,FALSE,FALSE,FALSE,FALSE,1,Biosensors,FALSE,TRUE,FALSE,FALSE,FALSE,FALSE,2,"Fabrication,CellCulture",FALSE,FALSE,FALSE,TRUE,FALSE,TRUE,FALSE
"Herrera-Celis, J 2017",10.1149/2.0891713jes,,Interdigitated Microelectrode Arrays Based on Non-Cytotoxic a-SixC1-x:H for E. coli Detection,"Herrera-Celis, J and Reyes-Betanzo, C and Torres-Jacome, A and Hernandez-Flores, A and Itzmoyotl-Toxqui, A and Aca-Aca, V and Gelvez-Lizarazo, O and Culebro-Gomez, A and Zazueta-Gambino, A and Orduna-Diaz, A and Morales-Chavez, J and Salinas-Dominguez, R and Saddow, S and Noble, K",JOURNAL OF THE ELECTROCHEMICAL SOCIETY,2017,10,23,1,a-SiC,TRUE,FALSE,FALSE,FALSE,FALSE,FALSE,1,Biosensors,FALSE,TRUE,FALSE,FALSE,FALSE,FALSE,3,"Fabrication,Benchtop,CellCulture",FALSE,FALSE,FALSE,TRUE,TRUE,TRUE,FALSE
"Heublein, B 1998a",10.1177/152660289800500107,9497204,Silicon carbide-coated stents: clinical experience in coronary lesions with increased thrombotic risk,"Heublein, Bernd and Ozbek, C and Pethig, Klaus",Journal of endovascular surgery : the official journal of the International Society for Endovascular Surgery,1998,2,,1,other,FALSE,TRUE,FALSE,FALSE,FALSE,FALSE,1,Cardiovascular,FALSE,FALSE,TRUE,FALSE,FALSE,FALSE,2,"CellCulture,InVivo_Human",FALSE,TRUE,FALSE,FALSE,FALSE,TRUE,FALSE
"Heublein, B 1998b",,10762797,Silicon Carbide Coating - A Semiconducting Hybrid Design of Coronary Stents - A Feasibility Study,"Heublein, B and Pethig, K and Elsayed, AM",The Journal of invasive cardiology,1998,6,,1,other,FALSE,TRUE,FALSE,FALSE,FALSE,FALSE,1,Cardiovascular,FALSE,FALSE,TRUE,FALSE,FALSE,FALSE,2,"CellCulture,InVivo_Human",FALSE,TRUE,FALSE,FALSE,FALSE,TRUE,FALSE
"Hevorkia, E 2024",10.15407/fm31.03.351,,Composite material based on zirconium dioxide partially stabilised with cerium oxide and aluminium oxide for bioengineering applications,"Hevorkia, ES and Morozova, OM and Nerubatskyi, VP and Chyshkala, VO and Sofronov, DS and Moya, S and Abarrategi, A and Arnai, B and Bondarenko, MA and Vov, RV",FUNCTIONAL MATERIALS,2024,,,1,other,FALSE,TRUE,FALSE,FALSE,FALSE,FALSE,1,OtherTechnologies,FALSE,FALSE,FALSE,FALSE,FALSE,TRUE,3,"Fabrication,MaterialProperties,CellCulture",FALSE,FALSE,TRUE,TRUE,FALSE,TRUE,FALSE
"Hochreiter, A 2023",10.1038/s41598-023-46110-2,37925526,Electrochemical etching strategy for shaping monolithic 3D structures from 4H-SiC wafers,"Hochreiter, A and GroB, F and Moller, MN and Krieger, M and Weber, HB",Scientific reports,2023,11,4,1,4H-SiC,FALSE,FALSE,FALSE,FALSE,TRUE,FALSE,1,OtherTechnologies,FALSE,FALSE,FALSE,FALSE,FALSE,TRUE,2,"Fabrication,MaterialProperties",FALSE,FALSE,TRUE,TRUE,FALSE,FALSE,FALSE
"Hsu, J 2007",10.1016/j.tsf.2007.04.050,18437249,Characterization of a-SiC(x):H thin films as an encapsulation material for integrated silicon based neural interface devices,"Hsu, JM and Tathireddy, P and Rieth, L and Normann, AR and Solzbacher, F",Thin solid films,2007,11,1,1,a-SiC,TRUE,FALSE,FALSE,FALSE,FALSE,FALSE,1,Neural,TRUE,FALSE,FALSE,FALSE,FALSE,FALSE,3,"Fabrication,MaterialProperties,Benchtop",FALSE,FALSE,TRUE,TRUE,TRUE,FALSE,FALSE
"Hsu, J 2008",10.18494/SAM.2008.515,N/A,"Effect of thermal and deposition processes on surface morphology, crystallinity, and adhesion of Parylene-C","Hsu, JM and Rieth, L and Kammer, S and Orthner, M and Solzbacher, F",SENSORS AND MATERIALS,2008,2,4,1,a-SiC,TRUE,FALSE,FALSE,FALSE,FALSE,FALSE,1,Neural,TRUE,FALSE,FALSE,FALSE,FALSE,FALSE,3,"Fabrication,MaterialProperties,Benchtop",FALSE,FALSE,TRUE,TRUE,TRUE,FALSE,FALSE
"Hsu, S 2021",10.3390/jfb12030052,34564201,In Vitro Corrosion of SiC-Coated Anodized Ti Nano-Tubular Surfaces,"Hsu, SM and Fares, C and Xia, X and Rasel, MAJ and Ketter, J and Afonso Camargo, SE and Haque, MA and Ren, F and Esquivel-Upshaw, JF",Journal of functional biomaterials,2021,9,16,1,a-SiC,TRUE,FALSE,FALSE,FALSE,FALSE,FALSE,1,Ortho_Dental,FALSE,FALSE,FALSE,TRUE,FALSE,FALSE,2,"Fabrication,MaterialProperties",FALSE,FALSE,TRUE,TRUE,FALSE,FALSE,FALSE
"Ikeuchi, K 2001",https://www.researchgate.net/publication/32138585_Effect_of_tribochemical_reaction_on_wear_of_silicon_carbide_for_joint_prostheses,,Effect of tribochemical reaction on wear of silicon carbide for joint prostheses,"Ikeuchi, K and Morita, Y and Yoshida, H and Kusaka, J",JOURNAL OF CERAMIC PROCESSING RESEARCH,2001,,,1,other,FALSE,TRUE,FALSE,FALSE,FALSE,FALSE,1,Ortho_Dental,FALSE,FALSE,FALSE,TRUE,FALSE,FALSE,2,"MaterialProperties,Benchtop",FALSE,FALSE,TRUE,FALSE,TRUE,FALSE,FALSE
"Imai, K 1990",10.1002/jbm.820240102,2303498,Thermodynamic study of phase transfer of precipitates on SiC whisker reinforced glass ceramics,"Imai, K and Yuge, T and Ito, S and Kawase, T and Saito, S",Journal of biomedical materials research,1990,1,1,1,other,FALSE,TRUE,FALSE,FALSE,FALSE,FALSE,1,Ortho_Dental,FALSE,FALSE,FALSE,TRUE,FALSE,FALSE,3,"MaterialProperties,Benchtop,InVivo_Animal",TRUE,FALSE,TRUE,FALSE,TRUE,FALSE,FALSE
"Isfort, P 2012",10.1055/s-0031-1299485,22516963,Silicon carbide-enhanced microwave ablation in an ex-vivo bovine liver model - effects on heat distribution and ablation volume,"Isfort, P and Penzkofer, T and Bruners, P and Schmitz-Rode, T and Kuhl, CK and Mahnken, AH",RoFo : Fortschritte auf dem Gebiete der Rontgenstrahlen und der Nuklearmedizin,2012,6,,1,other,FALSE,TRUE,FALSE,FALSE,FALSE,FALSE,1,OtherTechnologies,FALSE,FALSE,FALSE,FALSE,FALSE,TRUE,1,ExVivo,FALSE,FALSE,FALSE,FALSE,FALSE,FALSE,TRUE
"Jang, T 2024",10.3390/ma17235734,39685170,Investigating Structural and Surface Modifications in Ion-Implanted 4H-SiC for Enhanced Dopant Distribution Analysis in Power Semiconductors,"Jang, T and Byeon, M and Kang, M and Lee, SG and Lee, JH and Lee, SG and Min, WJ and Hong, TE","Materials (Basel, Switzerland)",2024,11,23,1,4H-SiC,FALSE,FALSE,FALSE,FALSE,TRUE,FALSE,1,OtherTechnologies,FALSE,FALSE,FALSE,FALSE,FALSE,TRUE,3,"Fabrication,MaterialProperties,Benchtop",FALSE,FALSE,TRUE,TRUE,TRUE,FALSE,FALSE
"Jeakle, E 2023",10.3390/mi14030680,36985087,Chronic Stability of Local Field Potentials Using Amorphous Silicon Carbide Microelectrode Arrays Implanted in the Rat Motor Cortex,"Jeakle, EN and Abbott, JR and Usoro, JO and Wu, Y and Haghighi, P and Radhakrishna, R and Sturgill, BS and Nakajima, S and Thai, TTD and Pancrazio, JJ and Cogan, SF and Hernandez-Reynoso, AG",Micromachines,2023,3,19,1,a-SiC,TRUE,FALSE,FALSE,FALSE,FALSE,FALSE,1,Neural,TRUE,FALSE,FALSE,FALSE,FALSE,FALSE,3,"Fabrication,Benchtop,InVivo_Animal",TRUE,FALSE,FALSE,TRUE,TRUE,FALSE,FALSE
"Jeakle, E 2024",10.1109/EMBC53108.2024.10781643,,Tracking single units across time using 16-channel microelectrode arrays,"Jeakle, E. N. and Abbott, J. R. and Smith, T. J. and Cogan, S. F. and Hernandez-Reynoso, A. G. and Pancrazio, J. J.",2024 46th Annual International Conference of the IEEE Engineering in Medicine and Biology Society (EMBC),2024,7,15,1,a-SiC,TRUE,FALSE,FALSE,FALSE,FALSE,FALSE,1,Neural,TRUE,FALSE,FALSE,FALSE,FALSE,FALSE,1,InVivo_Animal,TRUE,FALSE,FALSE,FALSE,FALSE,FALSE,FALSE
"Jia, H 2019",10.1109/MEMSYS.2019.8870826,,Tracing and Resolving Microparticle Aquatic Mass Motion and Distribution on Multimode Silicon Carbide Microdisk Resonators,"Jia, H and Feng, PX-L ",2019 IEEE 32nd International Conference on Micro Electro Mechanical Systems (MEMS),2019,,,1,other,FALSE,TRUE,FALSE,FALSE,FALSE,FALSE,1,Biosensors,FALSE,TRUE,FALSE,FALSE,FALSE,FALSE,2,"Fabrication,Benchtop",FALSE,FALSE,FALSE,TRUE,TRUE,FALSE,FALSE
"Joshi-Imre, A 2019",10.1088/1741-2552/ab1bc8,31013489,Chronic recording and electrochemical performance of amorphous silicon carbide-coated Utah electrode arrays implanted in rat motor cortex,"Joshi-Imre, A and Black, BJ and Abbott, J and Kanneganti, A and Rihani, R and Chakraborty, B and Danda, VR and Maeng, J and Sharma, R and Rieth, L and Negi, S and Pancrazio, JJ and Cogan, SF",Journal of neural engineering,2019,7,10,1,a-SiC,TRUE,FALSE,FALSE,FALSE,FALSE,FALSE,1,Neural,TRUE,FALSE,FALSE,FALSE,FALSE,FALSE,3,"Fabrication,Benchtop,InVivo_Animal",TRUE,FALSE,FALSE,TRUE,TRUE,FALSE,FALSE
"Kajimoto, N 2025",10.4012/dmj.2024-170,,Fabrication of resin cements capable of disintegrating by near-infrared radiation intended for cemented prosthesis removal,"Kajimoto, N and Maruta, M and Minamisawa, H and Sato, T and Hamada, K and Tsuru, K",Dental materials journal,2025,1,31,1,other,FALSE,TRUE,FALSE,FALSE,FALSE,FALSE,1,Ortho_Dental,FALSE,FALSE,FALSE,TRUE,FALSE,FALSE,2,"MaterialProperties,CellCulture",FALSE,FALSE,TRUE,FALSE,FALSE,TRUE,FALSE
"Khazaka, R 2015",10.1016/j.matlet.2015.07.071,,Toward high-quality 3C-SiC membrane on a 3C-SiC pseudo-substrate,"Khazaka, R and Bahette, E and Portail, M and Alquier, D and Michaud, JF",MATERIALS LETTERS,2015,12,1,1,3C-SiC,FALSE,FALSE,FALSE,TRUE,FALSE,FALSE,1,OtherTechnologies,FALSE,FALSE,FALSE,FALSE,FALSE,TRUE,2,"Fabrication,MaterialProperties",FALSE,FALSE,TRUE,TRUE,FALSE,FALSE,FALSE
"Kim, B 2003",10.1023/A:1023282915616,,Effect of plasma and control parameters on SiC etching in a C2F6 plasma,"Kim, B and Lee, BT",PLASMA CHEMISTRY AND PLASMA PROCESSING,2003,9,1,1,4H-SiC,FALSE,FALSE,FALSE,FALSE,TRUE,FALSE,1,OtherTechnologies,FALSE,FALSE,FALSE,FALSE,FALSE,TRUE,1,Fabrication,FALSE,FALSE,FALSE,TRUE,FALSE,FALSE,FALSE
"Kim, B 2005",10.1007/s00339-004-2774-z,,Low pressure plasma etching of silicon carbide,"Kim, B and Kim, S and Lee, BT",APPLIED PHYSICS A-MATERIALS SCIENCE & PROCESSING,2005,9,1,1,other,FALSE,TRUE,FALSE,FALSE,FALSE,FALSE,1,OtherTechnologies,FALSE,FALSE,FALSE,FALSE,FALSE,TRUE,1,Fabrication,FALSE,FALSE,FALSE,TRUE,FALSE,FALSE,FALSE
"Kim, B 2007",10.1016/j.mee.2006.11.010,,Partial X-ray photoelectron spectroscopy to constructing neural network model of plasma etching surface,"Kim, B and Kim, WS",MICROELECTRONIC ENGINEERING,2007,1,4,1,other,FALSE,TRUE,FALSE,FALSE,FALSE,FALSE,1,OtherTechnologies,FALSE,FALSE,FALSE,FALSE,FALSE,TRUE,1,Fabrication,FALSE,FALSE,FALSE,TRUE,FALSE,FALSE,FALSE
"Klein, E 2018",10.3389/fnins.2018.00659,30327585,High-Density μLED-Based Optical Cochlear Implant With Improved Thermomechanical Behavior,"Klein, E and Gossler, C and Paul, O and Ruther, P",Frontiers in neuroscience,2018,10,1,1,other,FALSE,TRUE,FALSE,FALSE,FALSE,FALSE,1,Neural,TRUE,FALSE,FALSE,FALSE,FALSE,FALSE,2,"Fabrication,MaterialProperties",FALSE,FALSE,TRUE,TRUE,FALSE,FALSE,FALSE
"Knaack, G 2016",10.3389/fnins.2016.00301,27445672,In vivo Characterization of Amorphous Silicon Carbide As a Biomaterial for Chronic Neural Interfaces,"Knaack, GL and McHail, DG and Borda, G and Koo, B and Peixoto, N and Cogan, SF and Dumas, TC and Pancrazio, JJ",Frontiers in neuroscience,2016,6,27,1,a-SiC,TRUE,FALSE,FALSE,FALSE,FALSE,FALSE,1,Neural,TRUE,FALSE,FALSE,FALSE,FALSE,FALSE,2,"Fabrication,InVivo_Animal",TRUE,FALSE,FALSE,TRUE,FALSE,FALSE,FALSE
"Kuliasha, C 2018",10.1109/EMBC.2018.8513458,30441478,in vitro Reactive-Accelerated-Aging (RAA) Assessment of Tissue-Engineered Electronic Nerve Interfaces (TEENI),"Kuliasha, C. A. and Judy, J. W.",2018 40th Annual International Conference of the IEEE Engineering in Medicine and Biology Society (EMBC),2018,7,,1,a-SiC,TRUE,FALSE,FALSE,FALSE,FALSE,FALSE,1,Neural,TRUE,FALSE,FALSE,FALSE,FALSE,FALSE,3,"Fabrication,MaterialProperties,Benchtop",FALSE,FALSE,TRUE,TRUE,TRUE,FALSE,FALSE
"Kuliasha, C 2021",10.1002/admt.202100149,34632047,The Materials Science Foundation Supporting the Microfabrication of Reliable Polyimide-Metal Neuroelectronic Interfaces,"Kuliasha, CA and Judy, JW",Advanced materials technologies,2021,5,3,1,a-SiC,TRUE,FALSE,FALSE,FALSE,FALSE,FALSE,1,Neural,TRUE,FALSE,FALSE,FALSE,FALSE,FALSE,2,"Fabrication,MaterialProperties",FALSE,FALSE,TRUE,TRUE,FALSE,FALSE,FALSE
"Lagonegro, P 2022",10.1038/s41467-021-27637-2,35013167,Synthetic recovery of impulse propagation in myocardial infarction via silicon carbide semiconductive nanowires,"Lagonegro, P and Rossi, S and Salvarani, N and Lo Muzio, FP and Rozzi, G and Modica, J and Bigi, F and Quaretti, M and Salviati, G and Pinelli, S and Alinovi, R and Catalucci, D and D'Autilia, F and Gazza, F and Condorelli, G and Rossi, F and Miragoli, M",Nature communications,2022,1,10,2,"3C-SiC,other",FALSE,TRUE,FALSE,TRUE,FALSE,FALSE,1,Cardiovascular,FALSE,FALSE,TRUE,FALSE,FALSE,FALSE,5,"Fabrication,MaterialProperties,Benchtop,CellCulture,InVivo_Animal",TRUE,FALSE,TRUE,TRUE,TRUE,TRUE,FALSE
"Lei, X 2016",10.1088/1741-2560/13/4/046016,27323882,SiC protective coating for photovoltaic retinal prosthesis,"Lei, X and Kane, S and Cogan, S and Lorach, H and Galambos, L and Huie, P and Mathieson, K and Kamins, T and Harris, J and Palanker, D",Journal of neural engineering,2016,6,21,1,a-SiC,TRUE,FALSE,FALSE,FALSE,FALSE,FALSE,1,Neural,TRUE,FALSE,FALSE,FALSE,FALSE,FALSE,2,"MaterialProperties,InVivo_Animal",TRUE,FALSE,TRUE,FALSE,FALSE,FALSE,FALSE
"Li, T 2019",10.1016/j.jphotobiol.2019.111515,31255939,Enhanced osteoporotic effect of silicon carbide nanoparticles combine with nano-hydroxyapatite coated anodized titanium implant on healthy boe regeneration in femoral fracture.,"Li, T and Li, XL and Hu, SX and Wu, J","Journal of photochemistry and photobiology. B, Biology",2019,5,22,1,other,FALSE,TRUE,FALSE,FALSE,FALSE,FALSE,1,Ortho_Dental,FALSE,FALSE,FALSE,TRUE,FALSE,FALSE,4,"Fabrication,MaterialProperties,CellCulture,InVivo_Animal",TRUE,FALSE,TRUE,TRUE,FALSE,TRUE,FALSE
"Li, X 2004",10.1002/jbm.b.30168,15538716,Micro/nanoscale mechanical and tribological characterization of SiC for orthopedic applications,"Li, X and Wang, X and Bondokov, R and Morris, J and An, YH and Sudarshan, TS","Journal of biomedical materials research. Part B, Applied biomaterials",2004,11,10,1,other,FALSE,TRUE,FALSE,FALSE,FALSE,FALSE,1,Ortho_Dental,FALSE,FALSE,FALSE,TRUE,FALSE,FALSE,3,"Fabrication,MaterialProperties,Benchtop",FALSE,FALSE,TRUE,TRUE,TRUE,FALSE,FALSE
"Lin, C 2020",10.3390/mi11121064,33266050,Bio-Compatibility and Bio-Insulation of Implantable Electrode Prosthesis Ameliorated by A-174 Silane Primed Parylene-C Deposited Embedment,"Lin, CY and Lou, WS and Chen, JC and Weng, KY and Shih, MC and Hung, YW and Chen, ZY and Wang, MC",Micromachines,2020,11,30,1,a-SiC,TRUE,FALSE,FALSE,FALSE,FALSE,FALSE,1,Neural,TRUE,FALSE,FALSE,FALSE,FALSE,FALSE,3,"Benchtop,CellCulture,InVivo_Animal",TRUE,FALSE,FALSE,FALSE,TRUE,TRUE,FALSE
"Liu, G 2019",10.1016/j.actbio.2019.01.038,,Tuning the tribofilm nanostructures of polymer-on-metal joint replacements for simultaneously enhancing anti-wear performance and corrosion resistance,"Liu, G and Zhang, LG and Li, GT and Zhao, FY and Che, QL and Wang, C and Zhang, G",ACTA BIOMATERIALIA,2019,2,,1,crystalline_unspecified,FALSE,FALSE,TRUE,FALSE,FALSE,FALSE,1,Ortho_Dental,FALSE,FALSE,FALSE,TRUE,FALSE,FALSE,4,"Fabrication,MaterialProperties,Benchtop,CellCulture",FALSE,FALSE,TRUE,TRUE,TRUE,TRUE,FALSE
"Liu, X 2020",10.21037/atm.2019.12.89,32175391,Effects of collimated and focused low-intensity pulsed ultrasound stimulation on the mandible repair in rabbits,"Liu, X and Hu, Y and Wu, L and Li, S",Annals of translational medicine,2020,8,,1,other,FALSE,TRUE,FALSE,FALSE,FALSE,FALSE,1,Ortho_Dental,FALSE,FALSE,FALSE,TRUE,FALSE,FALSE,2,"CellCulture,InVivo_Animal",TRUE,FALSE,FALSE,FALSE,FALSE,TRUE,FALSE
"Lopa, S 2011",,22051169,Enhanced biological performance of human adipose-derived stem cells cultured on titanium-based biomaterials and silicon carbide sheets for orthopaedic applications,"Lopa, S and De Girolamo, L and Arrigoni, E and Stanco, D and Rimondini, L and Baruffaldi Preis, FW and Lanfranchi, L and Ghigo, M and Chiesa, R and Brini, AT",Journal of biological regulators and homeostatic agents,2011,4,,1,other,FALSE,TRUE,FALSE,FALSE,FALSE,FALSE,1,Ortho_Dental,FALSE,FALSE,FALSE,TRUE,FALSE,FALSE,1,CellCulture,FALSE,FALSE,FALSE,FALSE,FALSE,TRUE,FALSE
"Lopez Paz, I 2024",10.1038/s41598-024-56544-x,38480838,First use of silicon carbide detectors with graphene-enhanced contacts for medical dosimetry,"Lopez Paz, I and Fleta, C and Gomez, F and Gonzalez, DM and Pellegrini, G",Scientific reports,2024,3,13,2,"4H-SiC,other",FALSE,TRUE,FALSE,FALSE,TRUE,FALSE,1,OtherTechnologies,FALSE,FALSE,FALSE,FALSE,FALSE,TRUE,2,"Fabrication,Benchtop",FALSE,FALSE,FALSE,TRUE,TRUE,FALSE,FALSE
"Lopez-Alvarez, M 2008",10.4028/www.scientific.net/MSF.587-588.67,,Marine Precursors-Based Biomorphic SiC Ceramics,"Lopez-Alvarez, M and Rial, L and Borrajo, JP and Gonzalez, P and Serra, J and Solla, E and Leon, B and Sanchez, JM and Martinez-Fernandez, J and de Arellano-Lopez, AR and Varela-Feria, FM",ADVANCED MATERIALS FORUM IV,2008,6,17,1,other,FALSE,TRUE,FALSE,FALSE,FALSE,FALSE,1,OtherTechnologies,FALSE,FALSE,FALSE,FALSE,FALSE,TRUE,2,"Fabrication,MaterialProperties",FALSE,FALSE,TRUE,TRUE,FALSE,FALSE,FALSE
"Lopez-Alvarez, M 2010",10.1002/jbm.b.31700,20737554,Cytocompatibility of bio-inspired silicon carbide ceramics,"Lopez-Alvarez, M and de Carlos, A and Gonzalez, P and Serra, J and Leon, B","Journal of biomedical materials research. Part B, Applied biomaterials",2010,8,24,1,other,FALSE,TRUE,FALSE,FALSE,FALSE,FALSE,1,OtherTechnologies,FALSE,FALSE,FALSE,FALSE,FALSE,TRUE,2,"Fabrication,CellCulture",FALSE,FALSE,FALSE,TRUE,FALSE,TRUE,FALSE
"Lopez-Alvarez, M 2012",10.1201/b11625-5,,Innovative Bioinspired SiC Ceramics from Vegetable Resources,"Lopez-Alvarez, M and Gonzalez, P and Serra, J and de Carlos, A and Chiussi, S and Leon, B",HANDBOOK OF INTELLIGENT SCAFFOLDS FOR TISSUE ENGINEERING AND REGENERATIVE MEDICINE,2012,2,17,1,other,FALSE,TRUE,FALSE,FALSE,FALSE,FALSE,1,Ortho_Dental,FALSE,FALSE,FALSE,TRUE,FALSE,FALSE,3,"Fabrication,MaterialProperties,CellCulture",FALSE,FALSE,TRUE,TRUE,FALSE,TRUE,FALSE
"Lozano, O 2012",10.1016/j.taap.2012.08.004,22981607,"Effects of SiC nanoparticles orally administered in a rat model: biodistribution, toxicity and elemental composition changes in feces and organs","Lozano, O and Laloy, J and Alpan, L and Mejia, J and Rolin, S and Toussaint, O and Dogne, JM and Lucas, S and Masereel, B",Toxicology and applied pharmacology,2012,10,15,1,other,FALSE,TRUE,FALSE,FALSE,FALSE,FALSE,1,OtherTechnologies,FALSE,FALSE,FALSE,FALSE,FALSE,TRUE,2,"MaterialProperties,InVivo_Animal",TRUE,FALSE,TRUE,FALSE,FALSE,FALSE,FALSE
"Lu, M 2023",10.1016/j.sna.2023.114741,,"Transferable 3C-SiC nanowire network film for high performance flexible UV photodetectors with a simple, low cost and large scale production","Lu, MX and Zhai, PC and Li, L and Amina, K and Yuan, S and Su, Y and Lou, R and Ding, LP and Li, A and Wei, GD",SENSORS AND ACTUATORS A-PHYSICAL,2023,12,1,1,3C-SiC,FALSE,FALSE,FALSE,TRUE,FALSE,FALSE,1,OtherTechnologies,FALSE,FALSE,FALSE,FALSE,FALSE,TRUE,2,"Fabrication,MaterialProperties",FALSE,FALSE,TRUE,TRUE,FALSE,FALSE,FALSE
"Lutter, C 2015",10.3233/CH-141839,24787629,Effect of specific surface microstructures on substrate endothelialisation and thrombogenicity: Importance for stent design,"Lutter, Christoph and Nothhaft, Matthias and Rzany, Alexander and Garlichs, Christoph D and Cicha, Iwona",Clinical Hemorheology and Microcirculation,2015,5,,1,a-SiC,TRUE,FALSE,FALSE,FALSE,FALSE,FALSE,1,Cardiovascular,FALSE,FALSE,TRUE,FALSE,FALSE,FALSE,4,"Fabrication,MaterialProperties,Benchtop,CellCulture",FALSE,FALSE,TRUE,TRUE,TRUE,TRUE,FALSE
"Ma, Z 2020",10.1093/rb/rbaa021,33149934,Porous silicon carbide coated with tantalum as potential material for bone implants,"Ma, Z and Li, J and Cao, F and Yang, J and Liu, R and Zhao, D",Regenerative biomaterials,2020,6,18,1,other,FALSE,TRUE,FALSE,FALSE,FALSE,FALSE,1,Ortho_Dental,FALSE,FALSE,FALSE,TRUE,FALSE,FALSE,3,"MaterialProperties,CellCulture,InVivo_Animal",TRUE,FALSE,TRUE,FALSE,FALSE,TRUE,FALSE
"Ma, Z 2021",10.1088/1748-605X/ac103b,34192669,Bone screws of porous silicon carbide coated with tantalum improve osseointegration and osteogenesis in goat femoral neck fractures,"Ma, Z and Liu, R and Cao, F and Li, J and Yang, J and Kang, K and Gao, Z and Zhao, D","Biomedical materials (Bristol, England)",2021,8,18,1,other,FALSE,TRUE,FALSE,FALSE,FALSE,FALSE,1,Ortho_Dental,FALSE,FALSE,FALSE,TRUE,FALSE,FALSE,2,"CellCulture,InVivo_Animal",TRUE,FALSE,FALSE,FALSE,FALSE,TRUE,FALSE
"Ma, Z 2023",10.1093/rb/rbad003,36817973,A novel biomimetic trabecular bone metal plate for bone repair and osseointegration,"Ma, Z and Liu, B and Li, S and Wang, X and Li, J and Yang, J and Tian, S and Wu, C and Zhao, D",Regenerative biomaterials,2023,11,16,1,other,FALSE,TRUE,FALSE,FALSE,FALSE,FALSE,1,Ortho_Dental,FALSE,FALSE,FALSE,TRUE,FALSE,FALSE,4,"Fabrication,MaterialProperties,CellCulture,InVivo_Animal",TRUE,FALSE,TRUE,TRUE,FALSE,TRUE,FALSE
"Major, R 2013",10.1039/c3ra23159c,,Inner surface modification of the tube-like elements for medical applications,"Major, Roman and Lackner,  Juergen M and Gorka, Karolina and Wilczek, Piotr and Major, Boguslaw",RSC Advances,2013,4,13,1,other,FALSE,TRUE,FALSE,FALSE,FALSE,FALSE,1,Cardiovascular,FALSE,FALSE,TRUE,FALSE,FALSE,FALSE,3,"MaterialProperties,Benchtop,CellCulture",FALSE,FALSE,TRUE,FALSE,TRUE,TRUE,FALSE
"Maropis, P 1977",10.1016/0030-4220(77)90098-6,265475,"Comparative study of vitreous carbon, pyrolytic carbon, pyrolytic graphite/silicon-carbide, and titanium implants in rabbit mandibles","Maropis, PS and Molinari, JA and Appel, BN and Baumhammers, A","Oral surgery, oral medicine, and oral pathology",1977,4,,1,other,FALSE,TRUE,FALSE,FALSE,FALSE,FALSE,1,Ortho_Dental,FALSE,FALSE,FALSE,TRUE,FALSE,FALSE,1,InVivo_Animal,TRUE,FALSE,FALSE,FALSE,FALSE,FALSE,FALSE
"Mishra, N 2019",10.1063/1.5098987,,Growth of graphitic carbon layers around silicon carbide nanowires,"Mishra, N and Bosi, M and Rossi, F and Salviati, G and Boeckl, J and Iacopi, F",JOURNAL OF APPLIED PHYSICS,2019,8,14,1,3C-SiC,FALSE,FALSE,FALSE,TRUE,FALSE,FALSE,1,Biosensors,FALSE,TRUE,FALSE,FALSE,FALSE,FALSE,3,"Fabrication,MaterialProperties,Benchtop",FALSE,FALSE,TRUE,TRUE,TRUE,FALSE,FALSE
"Mittnacht, A 2019",10.1109/NER.2019.8717179,,Stability of polyimide integrated ITO electrodes,"Mittnacht, A. and Alt, M. T. and Stieglitz, T.  and Eickenscheidt, M.",2019 9th International IEEE/EMBS Conference on Neural Engineering (NER),2019,3,,1,a-SiC,TRUE,FALSE,FALSE,FALSE,FALSE,FALSE,1,Neural,TRUE,FALSE,FALSE,FALSE,FALSE,FALSE,3,"Fabrication,MaterialProperties,Benchtop",FALSE,FALSE,TRUE,TRUE,TRUE,FALSE,FALSE
"Mognetti, B 2010",10.1166/jnn.2010.3049,21121285,Preferential killing of cancer cells using silicon carbide quantum dots,"Mognetti, B and Barberis, A and Marino, S and Di Carlo, F and Lysenko, V and Marty, O and Geloen, A",Journal of nanoscience and nanotechnology,2010,12,,1,3C-SiC,FALSE,FALSE,FALSE,TRUE,FALSE,FALSE,1,DrugRelease,FALSE,FALSE,FALSE,FALSE,TRUE,FALSE,3,"Fabrication,MaterialProperties,CellCulture",FALSE,FALSE,TRUE,TRUE,FALSE,TRUE,FALSE
"Mohammadi, M 2014",10.1016/j.ceramint.2014.01.044,,"Investigation of biocompatible nanosized materials for development of strong calcium phosphate bone cement: Comparison of nano-titania, nano-silicon carbide and amorphous nano-silica","Mohammadi, M and Hesaraki, S and Hafezi-Ardakani, M",CERAMICS INTERNATIONAL,2014,1,18,1,other,FALSE,TRUE,FALSE,FALSE,FALSE,FALSE,1,Ortho_Dental,FALSE,FALSE,FALSE,TRUE,FALSE,FALSE,3,"Fabrication,MaterialProperties,Benchtop",FALSE,FALSE,TRUE,TRUE,TRUE,FALSE,FALSE
"Mohd Nasir, N 2012",10.1109/ICoBE.2012.6178985,,Fabrication of 3C-silicon carbide membranes: Towards development of novel microdevices for biomedical applications,"Mohd Nasir, N. F. and Shah, C. M. and Leech, P. W. and Reeves, G. K. and Pirogova, E. and Istivan, T. and Tanner, P. and Holland, A. S.",2012 International Conference on Biomedical Engineering (ICoBE),2012,2,27,1,3C-SiC,FALSE,FALSE,FALSE,TRUE,FALSE,FALSE,1,OtherTechnologies,FALSE,FALSE,FALSE,FALSE,FALSE,TRUE,3,"Fabrication,MaterialProperties,Benchtop",FALSE,FALSE,TRUE,TRUE,TRUE,FALSE,FALSE
"Mohd Nasir, N 2014",10.1109/IECBES.2014.7047521,,The effect of micromachining process to the biocompatibility of 3C-SiC membranes,"Mohd Nasir, N. F. and Gan, E. and Shukla, R. and Istivan, T. and Pirogova, E. and Tanner, P. and Holland, A. S.",2014 IEEE Conference on Biomedical Engineering and Sciences (IECBES),2014,12,8,1,3C-SiC,FALSE,FALSE,FALSE,TRUE,FALSE,FALSE,1,OtherTechnologies,FALSE,FALSE,FALSE,FALSE,FALSE,TRUE,2,"Fabrication,CellCulture",FALSE,FALSE,FALSE,TRUE,FALSE,TRUE,FALSE
"Moll, P 2022",10.1109/JMEMS.2022.3163477,,Biocompatible a-SiC:H-Based Bistable MEMS Membranes With Piezoelectric Switching Capability in Fluids,"Moll, P. and Pfusterschmied, G. and Schneider, M. and Dorfmeister, M. and Knafl, S. and Wanzenboeck, H. D. and Schmid, U.",Journal of Microelectromechanical Systems,2022,6,,1,a-SiC,TRUE,FALSE,FALSE,FALSE,FALSE,FALSE,1,OtherTechnologies,FALSE,FALSE,FALSE,FALSE,FALSE,TRUE,4,"Fabrication,MaterialProperties,Benchtop,CellCulture",FALSE,FALSE,TRUE,TRUE,TRUE,TRUE,FALSE
"Montero Arevalo, B 2023",10.3390/mi14061262,37374847,SiC Electrochemical Sensor Validation for Alzheimer Aβ42 Antigen Detection,"Montero Arevalo, B and Seufert BI and Hossain MS and Bernardin E and Takshi A and Saddow SE and Schettini N",Micromachines,2023,6,16,2,"a-SiC,4H-SiC",TRUE,FALSE,FALSE,FALSE,TRUE,FALSE,2,"Neural,Biosensors",TRUE,TRUE,FALSE,FALSE,FALSE,FALSE,2,"Fabrication,Benchtop",FALSE,FALSE,FALSE,TRUE,TRUE,FALSE,FALSE
"Mughal, M 2021",10.1016/j.jmbbm.2020.104145,33125953,Surface modification for osseointegration of Ti6Al4V ELI using powder mixed sinking EDM,"Mughal, MP and Farooq, MU and Mumtaz, J and Mia, M and Shareef, M and Javed, M and Jamil, M and Pruncu, CI",Journal of the mechanical behavior of biomedical materials,2021,10,17,1,other,FALSE,TRUE,FALSE,FALSE,FALSE,FALSE,1,Ortho_Dental,FALSE,FALSE,FALSE,TRUE,FALSE,FALSE,2,"Fabrication,MaterialProperties",FALSE,FALSE,TRUE,TRUE,FALSE,FALSE,FALSE
"Murakami, T 2001",10.4028/www.scientific.net/KEM.218-220.521,,Influence of material combinations and lubricants on friction and wear in ceramic-on-ceramic sliding pairs for joint prostheses,"Murakami, T and Doi, S",BIOCERAMICS 14,2001,1,15,1,other,FALSE,TRUE,FALSE,FALSE,FALSE,FALSE,1,Ortho_Dental,FALSE,FALSE,FALSE,TRUE,FALSE,FALSE,2,"MaterialProperties,Benchtop",FALSE,FALSE,TRUE,FALSE,TRUE,FALSE,FALSE
"Naji, A 1991",10.1016/0142-9612(91)90118-t,1742414,"Cytocompatibility of two coating materials, amorphous alumina and silicon carbide, using human differentiated cell cultures","Naji, A and Harmand, MF",Biomaterials,1991,9,,1,other,FALSE,TRUE,FALSE,FALSE,FALSE,FALSE,1,Ortho_Dental,FALSE,FALSE,FALSE,TRUE,FALSE,FALSE,2,"CellCulture,ExVivo",FALSE,FALSE,FALSE,FALSE,FALSE,TRUE,TRUE
"Nguyen, C 2021",10.1109/EMBC46164.2021.9629701,,Evaluation of Amorphous Silicon Carbide on Utah Electrode Arrays by Thermal Accelerated Aging,"Nguyen, C. K. and Abbott , J. R. and  Negi , S. and Cogan, S. F. ",2021 43rd Annual International Conference of the IEEE Engineering in Medicine & Biology Society (EMBC),2021,,,1,a-SiC,TRUE,FALSE,FALSE,FALSE,FALSE,FALSE,1,Neural,TRUE,FALSE,FALSE,FALSE,FALSE,FALSE,3,"Fabrication,MaterialProperties,Benchtop",FALSE,FALSE,TRUE,TRUE,TRUE,FALSE,FALSE
"Nguyen, C 2022",10.1109/IEDM45625.2022.10019503,,Increasing the Lifetime of the Implantable Neural Devices,"Nguyen, CK and Srikanthan,B and R. Bhandari and Cogan, SF and Negi, S",2022 International Electron Devices Meeting (IEDM),2022,12,,1,a-SiC,TRUE,FALSE,FALSE,FALSE,FALSE,FALSE,1,Neural,TRUE,FALSE,FALSE,FALSE,FALSE,FALSE,2,"Fabrication,Benchtop",FALSE,FALSE,FALSE,TRUE,TRUE,FALSE,FALSE
"Nguyen, C 2024a",10.1109/EMBC53108.2024.10781825,,Analyzing Voltage Transients Under Different Stimulation Configurations and Rates in Rat Cortex,"Nguyen, C. K. and Sturgill, B. S. and Negi, S. and Cogan, S. F.",2024 46th Annual International Conference of the IEEE Engineering in Medicine and Biology Society (EMBC),2024,7,15,1,a-SiC,TRUE,FALSE,FALSE,FALSE,FALSE,FALSE,1,Neural,TRUE,FALSE,FALSE,FALSE,FALSE,FALSE,2,"Benchtop,InVivo_Animal",TRUE,FALSE,FALSE,FALSE,TRUE,FALSE,FALSE
"Nguyen, C 2024b",10.1109/EMBC53108.2024.10782884,,Leakage Current Measurements of Amorphous Silicon Carbide Encapsulation for Implantable Microelectrode Arrays,"Nguyen, C. K. and Joshi-Imre, A. and Negi, S. and Cogan, S. F.",2024 46th Annual International Conference of the IEEE Engineering in Medicine and Biology Society (EMBC),2024,7,15,1,a-SiC,TRUE,FALSE,FALSE,FALSE,FALSE,FALSE,1,Neural,TRUE,FALSE,FALSE,FALSE,FALSE,FALSE,2,"Fabrication,Benchtop",FALSE,FALSE,FALSE,TRUE,TRUE,FALSE,FALSE
"Nguyen, T 2022a",10.1021/acsnano.2c03188,35816450,"Integrated, Transparent Silicon Carbide Electronics and Sensors for Radio Frequency Biomedical Therapy","Nguyen, TK and Yadav, S and Truong, TA and Han, M and Barton, M and Leitch, M and Guzman, P and Dinh, T and Ashok, A and Vu, H and Dau, V and Haasmann, D and Chen, L and Park, Y and Do, TN and Yamauchi, Y and Rogers, JA and Nguyen, NT and Phan, HP",ACS nano,2022,7,26,1,3C-SiC,FALSE,FALSE,FALSE,TRUE,FALSE,FALSE,1,Neural,TRUE,FALSE,FALSE,FALSE,FALSE,FALSE,6,"Fabrication,MaterialProperties,Benchtop,CellCulture,ExVivo,InVivo_Animal",TRUE,FALSE,TRUE,TRUE,TRUE,TRUE,TRUE
"Nguyen, T 2022b",10.1073/pnas.2203287119,35939711,"Wide bandgap semiconductor nanomembranes as a long-term biointerface for flexible, implanted neuromodulator","Nguyen, TK and Barton, M and Ashok, A and Truong, TA and Yadav, S and Leitch, M and Nguyen, TV and Kashaninejad, N and Dinh, T and Hold, L and Yamauchi, Y and Nguyen, NT and Phan, HP",Proceedings of the National Academy of Sciences of the United States of America,2022,8,16,1,other,FALSE,TRUE,FALSE,FALSE,FALSE,FALSE,2,"Neural,Biosensors",TRUE,TRUE,FALSE,FALSE,FALSE,FALSE,5,"Fabrication,MaterialProperties,Benchtop,CellCulture,InVivo_Animal",TRUE,FALSE,TRUE,TRUE,TRUE,TRUE,FALSE
"Nordlund, A 1989",10.1016/s0901-5027(89)80037-2,2516106,A comparative experimental investigation in monkeys between three different implant materials,"Nordlund, A and Zetterqvist, L and Oden, A",International journal of oral and maxillofacial surgery,1989,12,,1,other,FALSE,TRUE,FALSE,FALSE,FALSE,FALSE,1,Ortho_Dental,FALSE,FALSE,FALSE,TRUE,FALSE,FALSE,2,"CellCulture,InVivo_Animal",TRUE,FALSE,FALSE,FALSE,FALSE,TRUE,FALSE
"Nordsletten, L 1996",10.1016/0142-9612(96)89777-8,8853123,"Human monocytes stimulation by particles of hydroxyapatite, silicon carbide and diamond: in vitro studies of new prosthesis coatings","Nordsletten, L and Hogasen, AK and Konttinen, YT and Santavirta, S and Aspenberg, P and Aasen, AO",Biomaterials,1996,8,,1,other,FALSE,TRUE,FALSE,FALSE,FALSE,FALSE,1,Ortho_Dental,FALSE,FALSE,FALSE,TRUE,FALSE,FALSE,1,CellCulture,FALSE,FALSE,FALSE,FALSE,FALSE,TRUE,FALSE
"Nurdin, N 2003",10.22203/ecm.v005a02,14562274,Haemocompatibility evaluation of DLC- and SiC-coated surfaces,"Nurdin, N and François, P and Mugnier, Y and Krumeich, J and Moret, M and Aronsson, BO and Descouts, P",European Cells and Materials,2003,6,,1,a-SiC,TRUE,FALSE,FALSE,FALSE,FALSE,FALSE,1,OtherTechnologies,FALSE,FALSE,FALSE,FALSE,FALSE,TRUE,4,"Fabrication,MaterialProperties,Benchtop,CellCulture",FALSE,FALSE,TRUE,TRUE,TRUE,TRUE,FALSE
"Oliveros, A 2011",10.4028/www.scientific.net/MSF.679-680.831,,Cellular Interactions on Epitaxial Graphene on SiC (0001) Substrates,"Oliveros, A and Coletti, C and Frewin, C and Locke, C and Starke, U and Saddow, SE",SILICON CARBIDE AND RELATED MATERIALS 2010,2011,3,28,1,6H-SiC,FALSE,FALSE,FALSE,FALSE,FALSE,TRUE,1,OtherTechnologies,FALSE,FALSE,FALSE,FALSE,FALSE,TRUE,2,"MaterialProperties,CellCulture",FALSE,FALSE,TRUE,FALSE,FALSE,TRUE,FALSE
"Oliveros, A 2012",10.1557/jmr.2012.233,,Assessment of cell proliferation on 6H-SiC biofunctionalized with self-assembled monolayers,"Oliveros, A and Frewin, CL and Schoell, SJ and Hoeb, M and Stutzmann, M and Sharp, ID and Saddow, SE",JOURNAL OF MATERIALS RESEARCH,2012,7,31,1,6H-SiC,FALSE,FALSE,FALSE,FALSE,FALSE,TRUE,1,OtherTechnologies,FALSE,FALSE,FALSE,FALSE,FALSE,TRUE,3,"Fabrication,MaterialProperties,CellCulture",FALSE,FALSE,TRUE,TRUE,FALSE,TRUE,FALSE
"Ozbek, C 1997",10.1002/(sici)1097-0304(199705)41:1<71::aid-ccd17>3.0.co;2-t,9143772,Coronary implantation of silicone-carbide-coated Palmaz-Schatz stents in patients with high risk of stent thrombosis without oral anticoagulation,"Ozbek, C and Heisel, A and Gross, B and Bay, W and Schieffe,  H",Catheterization and Cardiovascular Diagnosis,1997,5,1,1,other,FALSE,TRUE,FALSE,FALSE,FALSE,FALSE,1,Cardiovascular,FALSE,FALSE,TRUE,FALSE,FALSE,FALSE,2,"CellCulture,InVivo_Human",FALSE,TRUE,FALSE,FALSE,FALSE,TRUE,FALSE
"Panday, R 2006",10.4028/www.scientific.net/MSF.527-529.1107,,Mechanical testing of flexible silicon carbide interconnect ribbons,"Panday, R and Fu, XA and Rajgopal, S and Lisby, T and Nikles, SA and Najafi, K and Mehregany, M","SILICON CARBIDE AND RELATED MATERIALS 2005, PTS 1 AND 2",2006,10,1,1,3C-SiC,FALSE,FALSE,FALSE,TRUE,FALSE,FALSE,1,Neural,TRUE,FALSE,FALSE,FALSE,FALSE,FALSE,3,"Fabrication,MaterialProperties,Benchtop",FALSE,FALSE,TRUE,TRUE,TRUE,FALSE,FALSE
"Pham, T 2020",10.1002/adfm.202004655,,A Versatile Sacrificial Layer for Transfer Printing of Wide Bandgap Materials for Implantable and Stretchable Bioelectronics,"Pham, TA and Nguyen, TK and Vadivelu, RK and Dinh, T and Qamar, A and Yadav, S and Yamauchi, Y and Rogers, JA and Nguyen, NT and Phan, HP",ADVANCED FUNCTIONAL MATERIALS,2020,9,4,1,other,FALSE,TRUE,FALSE,FALSE,FALSE,FALSE,3,"Neural,Biosensors,Cardiovascular",TRUE,TRUE,TRUE,FALSE,FALSE,FALSE,3,"Fabrication,MaterialProperties,Benchtop",FALSE,FALSE,TRUE,TRUE,TRUE,FALSE,FALSE
"Phan, H 2019",10.1021/acsnano.9b05168,31433939,"Long-Lived, Transferred Crystalline Silicon Carbide Nanomembranes for Implantable Flexible Electronics","Phan, HP and Zhong, Y and Nguyen, TK and Park, Y and Dinh, T and Song, E and Vadivelu, RK and Masud, MK and Li J and Shiddiky, MJA and Dao, D and Yamauchi, Y and Rogers, JA and Nguyen, NT",ACS nano,2019,10,22,1,3C-SiC,FALSE,FALSE,FALSE,TRUE,FALSE,FALSE,3,"Neural,Biosensors,Cardiovascular",TRUE,TRUE,TRUE,FALSE,FALSE,FALSE,2,"Fabrication,Benchtop",FALSE,FALSE,FALSE,TRUE,TRUE,FALSE,FALSE
"Pilgrim, T 2014",10.1016/j.ahj.2014.06.004,25173535,Randomized comparison of biodegradable polymer sirolimus-eluting stents versus durable polymer everolimus-eluting stents for percutaneous coronary revascularization: rationale and design of the BIOSCIENCE trial,"Pilgrim, T and Roffi, M and Tüller, D and Muller, O and Vuilliomenet, A and Cook, S and Weilenmann, D and Kaiser, C and Jamshidi, P and Heg, D and Juni, P and Windecker, S",American heart journal,2014,9,,1,a-SiC,TRUE,FALSE,FALSE,FALSE,FALSE,FALSE,1,Cardiovascular,FALSE,FALSE,TRUE,FALSE,FALSE,FALSE,2,"CellCulture,InVivo_Human",FALSE,TRUE,FALSE,FALSE,FALSE,TRUE,FALSE
"Pons-Faudoa, F 2023",10.1016/j.jconrel.2023.04.037,37120032,Changes in local tissue microenvironment in response to subcutaneous long-acting delivery of tenofovir alafenamide in rats and non-human primates,"Pons-Faudoa, FP and Di Trani, N and Capuani, S and Hernandez, N and Wood, AM and Nehete, B and Niles, J and Shelton, KA and Kezar, S and Bushman, LR and Chua, CYX and Ittmann, MM and Anderson, PL and Nehete, PN and Arduino, RC and Nichols, JE and Grattoni, A",Journal of Controlled Release,2023,6,,1,other,FALSE,TRUE,FALSE,FALSE,FALSE,FALSE,1,DrugRelease,FALSE,FALSE,FALSE,FALSE,TRUE,FALSE,2,"CellCulture,InVivo_Animal",TRUE,FALSE,FALSE,FALSE,FALSE,TRUE,FALSE
"Reyes, M 2013",10.1149/05804.0119ecst,,3C-SiC on Si Hetero-epitaxial Growth for Electronic and Biomedical Applications,"Reyes, M and Frewin, CL and Ward, PJ and Saddow, SE",GALLIUM NITRIDE AND SILICON CARBIDE POWER TECHNOLOGIES 3,2013,,,1,3C-SiC,FALSE,FALSE,FALSE,TRUE,FALSE,FALSE,2,"Neural,Biosensors",TRUE,TRUE,FALSE,FALSE,FALSE,FALSE,2,"Fabrication,MaterialProperties",FALSE,FALSE,TRUE,TRUE,FALSE,FALSE,FALSE
"Rosenbloom, A 2004",10.1023/B:BMMD.0000048558.91401.1d,15548873,Nanoporous SiC: a candidate semi-permeable material for biomedical applications,"Rosenbloom, AJ and Sipe, DM and Shishkin, Y and Ke, Y and Devaty, RP and Choyke, WJ",Biomedical microdevices,2004,12,,1,6H-SiC,FALSE,FALSE,FALSE,FALSE,FALSE,TRUE,1,Biosensors,FALSE,TRUE,FALSE,FALSE,FALSE,FALSE,2,"MaterialProperties,Benchtop",FALSE,FALSE,TRUE,FALSE,TRUE,FALSE,FALSE
"Saddow, S 2010",10.1557/PROC-1246-B08-08,,Single-crystal Silicon Carbide: A Biocompatible and Hemocompatible Semiconductor for Advanced Biomedical Applications,"Saddow, SE and Coletti, C and Frewin, CL and Schettini, N and Oliveros, A and Jarosezski, M",MRS Online Proceedings Library,2010,8,10,3,"3C-SiC,4H-SiC,6H-SiC",FALSE,FALSE,FALSE,TRUE,TRUE,TRUE,1,OtherTechnologies,FALSE,FALSE,FALSE,FALSE,FALSE,TRUE,4,"Fabrication,MaterialProperties,Benchtop,CellCulture",FALSE,FALSE,TRUE,TRUE,TRUE,TRUE,FALSE
"Saddow, S 2014a",10.1149/06107.0101ecst,,3C-SiC on Si: A Biocompatible Material for Advanced Bioelectronic Devices,"Saddow, SE and Frewin, CL and Reyes, M and Register, J and Nezafati, M and Thomas, S",Micromachines,2014,5,14,1,3C-SiC,FALSE,FALSE,FALSE,TRUE,FALSE,FALSE,2,"Neural,Biosensors",TRUE,TRUE,FALSE,FALSE,FALSE,FALSE,6,"Fabrication,MaterialProperties,Benchtop,CellCulture,ExVivo,InVivo_Animal",TRUE,FALSE,TRUE,TRUE,TRUE,TRUE,TRUE
"Saddow, S 2014b",10.1109/NMDC.2014.6997419,,3C-SiC on Si: A bio- and hemo-compatible material for advanced nano-bio devices,"Saddow, S. E. and Frewin, C. L. and Nezafati, M. and Oliveros, A. and Afroz, S. and Register, J. and Reyes, M. and Thomas, S.",2014 IEEE 9th Nanotechnology Materials and Devices Conference (NMDC),2014,12,29,2,"a-SiC,3C-SiC",TRUE,FALSE,FALSE,TRUE,FALSE,FALSE,2,"Neural,Biosensors",TRUE,TRUE,FALSE,FALSE,FALSE,FALSE,5,"Fabrication,Benchtop,CellCulture,ExVivo,InVivo_Animal",TRUE,FALSE,FALSE,TRUE,TRUE,TRUE,TRUE
"Santavirta, S 1998",10.1007/s004020050319,9833115,Biocompatibility of silicon carbide in colony formation test in vitro. A promising new ceramic THR implant coating material,"Santavirta, S and Takagi, M and Nordsletten, L and Anttila, A and Lappalainen, R and Konttinen, YT",Archives of orthopaedic and trauma surgery,1998,11,,1,other,FALSE,TRUE,FALSE,FALSE,FALSE,FALSE,1,Ortho_Dental,FALSE,FALSE,FALSE,TRUE,FALSE,FALSE,1,CellCulture,FALSE,FALSE,FALSE,FALSE,FALSE,TRUE,FALSE
"Sascha, K 2006",10.1109/ESTC.2006.280139,,Implementation of Methods to Characterise Encapsulation Behaviour of Intended Implantable Materials,"Sascha, K. and Marzellus, g. H. and Jui-Mei, H. and Peter, K. K. and Solzbacher, F.",2006 1st Electronic Systemintegration Technology Conference,2006,9,5,1,a-SiC,TRUE,FALSE,FALSE,FALSE,FALSE,FALSE,1,OtherTechnologies,FALSE,FALSE,FALSE,FALSE,FALSE,TRUE,2,"Fabrication,Benchtop",FALSE,FALSE,FALSE,TRUE,TRUE,FALSE,FALSE
"Scheller, B 2001",10.1016/s0002-9343(00)00643-4,11152857,Long-term follow-up of a randomized study of primary stenting versus angioplasty in acute myocardial infarction,"Scheller, B and Hennen, B and Severin-Kneib, S and Ozbek, C and Schieffer, H and Markwirth, T",The American Journal of Medicine,2001,1,,1,other,FALSE,TRUE,FALSE,FALSE,FALSE,FALSE,1,Cardiovascular,FALSE,FALSE,TRUE,FALSE,FALSE,FALSE,1,InVivo_Human,FALSE,TRUE,FALSE,FALSE,FALSE,FALSE,FALSE
"Schuler, P 2003",10.1080/15419060302065,12881037,Adhesion of monocytes to medical steel as used for vascular stents is mediated by the integrin receptor Mac-1 (CD11b/CD18; alphaM beta2) and can be inhibited by semiconductor coating,"Schuler, P and Assefa, D and Ylänne, J and Basler, N and Olschewski, M and Ahrens, I and Nordt, T and Bode, C and Peter, K",Cell Communication & Adhesion,2003,1,,1,a-SiC,TRUE,FALSE,FALSE,FALSE,FALSE,FALSE,1,Cardiovascular,FALSE,FALSE,TRUE,FALSE,FALSE,FALSE,3,"Fabrication,MaterialProperties,Benchtop",FALSE,FALSE,TRUE,TRUE,TRUE,FALSE,FALSE
"Secco GG, a 2015",10.1016/j.carrev.2015.12.001,26831901,Time-related changes in neointimal tissue coverage of a novel Sirolimus eluting stent: Serial observations with optical coherence tomography,"Secco GG, and Mattesini, A and Fattori, R and Parisi, R and Castriota, F and Vercellino, M and Dall'Ara, G and Uguccioni, L and Marinucci, L and De Luca, G and Marino, PN and Pistis, G and Di Mario, C",Cardiovascular revascularization medicine : including molecular interventions,2015,12,,1,a-SiC,TRUE,FALSE,FALSE,FALSE,FALSE,FALSE,1,Cardiovascular,FALSE,FALSE,TRUE,FALSE,FALSE,FALSE,2,"CellCulture,InVivo_Human",FALSE,TRUE,FALSE,FALSE,FALSE,TRUE,FALSE
"Silvestri, A 2021",10.3390/membranes11070535,34357186,Silicon Carbide-Gated Nanofluidic Membrane for Active Control of Electrokinetic Ionic Transport,"Silvestri, Antonia and Di Trani, Nicola and Canavese, Giancarlo and Motto Ros, Paolo and Iannucci, Leonardo and Grassini, Sabrina and Wang, Yu and Liu, Xuewu and Demarchi, Danilo and Grattoni, Alessandro",Membranes,2021,7,15,1,a-SiC,TRUE,FALSE,FALSE,FALSE,FALSE,FALSE,1,DrugRelease,FALSE,FALSE,FALSE,FALSE,TRUE,FALSE,3,"Fabrication,MaterialProperties,Benchtop",FALSE,FALSE,TRUE,TRUE,TRUE,FALSE,FALSE
"Taguchi, T 2014",10.1016/j.msec.2013.10.007,24268230,Deposition of hydroxyapatite on SiC nanotubes in simulated body fluid,"Taguchi, T and Miyazaki, T and Iikubo, S and Yamaguchi, K","Materials science & engineering. C, Materials for biological applications",2014,1,,1,other,FALSE,TRUE,FALSE,FALSE,FALSE,FALSE,1,Ortho_Dental,FALSE,FALSE,FALSE,TRUE,FALSE,FALSE,3,"Fabrication,MaterialProperties,Benchtop",FALSE,FALSE,TRUE,TRUE,TRUE,FALSE,FALSE
"Takami, Y 1998",10.1046/j.1525-1594.1998.6184r.x,9754460,Evaluation of platelet adhesion and activation on materials for an implantable centrifugal blood pump,"Takami, Y and Yamane, S and Makinouchi, K and Niimi, Y and Sueoka, A and Nose, Y",Artificial organs,1998,9,,1,other,FALSE,TRUE,FALSE,FALSE,FALSE,FALSE,1,Cardiovascular,FALSE,FALSE,TRUE,FALSE,FALSE,FALSE,3,"MaterialProperties,Benchtop,CellCulture",FALSE,FALSE,TRUE,FALSE,TRUE,TRUE,FALSE
"Truong, T 2023",10.1002/adfm.202211781,,"Engineering Route for Stretchable, 3D Microarchitectures of Wide Bandgap Semiconductors for Biomedical Applications","Truong, TA and Nguyen, TK and Huang, XH and Ashok, A and Yadav, S and Park, Y and Thai, MT and Nguyen, NK and Fallahi, H and Peng, SH and Dimitrijev, S and Toh, YC and Yamauchi, Y and Wang, CH and Lovell, NH and Rogers, JA and Do, TN and Nguyen, NT and Zhao, HB and Phan, HP",ADVANCED FUNCTIONAL MATERIALS,2023,5,3,1,other,FALSE,TRUE,FALSE,FALSE,FALSE,FALSE,1,Biosensors,FALSE,TRUE,FALSE,FALSE,FALSE,FALSE,4,"Fabrication,MaterialProperties,Benchtop,CellCulture",FALSE,FALSE,TRUE,TRUE,TRUE,TRUE,FALSE
"Truong, T 2025",10.1021/acsnano.4c15294,,Flexible Electrode Arrays Based on a Wide Bandgap Semiconductors for Chronic Implantable Multiplexed Sensing and Heart Pacemakers,"Truong, TA and Huang, XH and Barton, M and Ashok, A and Al Abed, A and Almasri, R and Shivdasanic, MN and Reshamwala, R and Ingles, J and Thai, MT and Nguyen, CC and Zhao, SN and Zhang, XW and Gu, Z and Vasanth, A and Peng, SH and Nguyen, TK and Do, N and Nguyen, NT and Zhao, HB and Phan, HP",ACS NANO,2025,1,3,1,a-SiC,TRUE,FALSE,FALSE,FALSE,FALSE,FALSE,1,Cardiovascular,FALSE,FALSE,TRUE,FALSE,FALSE,FALSE,6,"Fabrication,MaterialProperties,Benchtop,CellCulture,ExVivo,InVivo_Animal",TRUE,FALSE,TRUE,TRUE,TRUE,TRUE,TRUE
"Tyagi, R 2024",10.1177/08927057241243356,,Investigation of wettability and wear properties on 3D printed Polylactic acid/Molybdenum disulfide-Silicon carbide polymeric composite for sustainable biomedical applications,"Tyagi, R and Ranjan, N and Kumar, M and Kumar, V and Tripathi, A and Kumar, R",JOURNAL OF THERMOPLASTIC COMPOSITE MATERIALS,2024,4,1,1,other,FALSE,TRUE,FALSE,FALSE,FALSE,FALSE,1,OtherTechnologies,FALSE,FALSE,FALSE,FALSE,FALSE,TRUE,2,"Fabrication,MaterialProperties",FALSE,FALSE,TRUE,TRUE,FALSE,FALSE,FALSE
"Usoro, J 2019",10.1088/2057-1976/ab4c02,,Chronic stability of local field potentials from standard and modified Blackrock microelectrode arrays implanted in the rat motor cortex,"Usoro, JO and Shih, E and Black, BJ and Rihani, RT and Abbott, J and Chakraborty, B and Pancrazio, JJ and Cogan, SF",BIOMEDICAL PHYSICS & ENGINEERING EXPRESS,2019,10,18,1,a-SiC,TRUE,FALSE,FALSE,FALSE,FALSE,FALSE,1,Neural,TRUE,FALSE,FALSE,FALSE,FALSE,FALSE,2,"Benchtop,InVivo_Animal",TRUE,FALSE,FALSE,FALSE,TRUE,FALSE,FALSE
"Vladescu, A 2019",10.3390/coatings9060389,,In Vitro Activity Assays of Sputtered HAp Coatings with SiC Addition in Various Simulated Biological Fluids,"Vladescu, A and Parau, A and Pana, I and Cotrut, CM and Constantin, LR and Braic, V and Vranceanu, DM",COATINGS,2019,6,15,1,other,FALSE,TRUE,FALSE,FALSE,FALSE,FALSE,1,Ortho_Dental,FALSE,FALSE,FALSE,TRUE,FALSE,FALSE,3,"Fabrication,MaterialProperties,Benchtop",FALSE,FALSE,TRUE,TRUE,TRUE,FALSE,FALSE
"Vlaskina, S 2020",10.15407/spqeo23.04.346,,Characterization of nano-bio silicon carbide,"Vlaskina, SI and Mishinova, GN and Shaginyan, IL and Smertenko, PS and Svechnikov, GS",SEMICONDUCTOR PHYSICS QUANTUM ELECTRONICS & OPTOELECTRONICS,2020,11,,1,other,FALSE,TRUE,FALSE,FALSE,FALSE,FALSE,1,Ortho_Dental,FALSE,FALSE,FALSE,TRUE,FALSE,FALSE,3,"Fabrication,MaterialProperties,Benchtop",FALSE,FALSE,TRUE,TRUE,TRUE,FALSE,FALSE
"Vomero, M 2017a",10.1109/NER.2017.8008347,,Improved long-term stability of thin-film glassy carbon electrodes through the use of silicon carbide and amorphous carbon,"Vomero, M and Castagnola, E and Ordonez, JS and Carli, S and Zucchini, E and Maggiolini, E and Gueli, C and Goshi, N and Fadiga, L and Ricci, D and  Kassegne, S and Stieglitz, T",2017 8th International IEEE/EMBS Conference on Neural Engineering (NER),2017,5,,1,a-SiC,TRUE,FALSE,FALSE,FALSE,FALSE,FALSE,1,Neural,TRUE,FALSE,FALSE,FALSE,FALSE,FALSE,4,"Fabrication,MaterialProperties,Benchtop,InVivo_Animal",TRUE,FALSE,TRUE,TRUE,TRUE,FALSE,FALSE
"Vomero, M 2017b",10.1002/adbi.201700081,,Incorporation of Silicon Carbide and Diamond-Like Carbon as Adhesion Promoters Improves In Vitro and In Vivo Stability of Thin-Film Glassy Carbon Electrocorticography Arrays,"Vomero, M and Castagnola, E and Ordonez, JS and Carli, S and Zucchini, E and Maggiolini, E and Gueli, C and Goshi, N and Ciarpella, F and Cea, C and Fadiga, L and Ricci, D and Kassegne, S and Stieglitz, T",ADVANCED BIOSYSTEMS,2017,11,,1,a-SiC,TRUE,FALSE,FALSE,FALSE,FALSE,FALSE,1,Neural,TRUE,FALSE,FALSE,FALSE,FALSE,FALSE,5,"Fabrication,MaterialProperties,Benchtop,CellCulture,InVivo_Animal",TRUE,FALSE,TRUE,TRUE,TRUE,TRUE,FALSE
"Vyas, P 2024",10.1109/SISPAD62626.2024.10733028,,Novel Mobility Enhancement Schemes for Next Generation Silicon Carbide (SiC) Trench MOSFET Technology,"Vyas, P. B. and Pal, A. and Weeks, S. and Holt, J. and Kumar, A. and Date, L. and Megalini, L. and Khoury, M. and Caballero, C. and Chaturvedula, D. and Chudzik, M. and Krishnan, S. and Kengeri, S. and Bazizi, E. M.",2024 International Conference on Simulation of Semiconductor Processes and Devices (SISPAD),2024,9,24,1,other,FALSE,TRUE,FALSE,FALSE,FALSE,FALSE,1,OtherTechnologies,FALSE,FALSE,FALSE,FALSE,FALSE,TRUE,2,"Fabrication,MaterialProperties",FALSE,FALSE,TRUE,TRUE,FALSE,FALSE,FALSE
"Wan, H 1997",10.1023/a:1018542313236,15348841,A study of cell behaviour on the surfaces of multifilament materials,"Wan, H and Williams, RL and Doherty, PJ and Williams, DF",Journal of materials science. Materials in medicine,1997,1,1,1,other,FALSE,TRUE,FALSE,FALSE,FALSE,FALSE,1,Ortho_Dental,FALSE,FALSE,FALSE,TRUE,FALSE,FALSE,1,CellCulture,FALSE,FALSE,FALSE,FALSE,FALSE,TRUE,FALSE
"Wang, T 2014",10.1021/la404277p,24410163,Controlled surface chemistry of diamond/β-SiC composite films for preferential protein adsorption,"Wang, T and Handschuh-Wang, S and Yang, Y and Zhuang, H and Schlemper, C and Wesner, D and Schonherr, H and Zhang, W and Jiang, X",Langmuir : the ACS journal of surfaces and colloids,2014,2,4,1,other,FALSE,TRUE,FALSE,FALSE,FALSE,FALSE,1,OtherTechnologies,FALSE,FALSE,FALSE,FALSE,FALSE,TRUE,4,"Fabrication,MaterialProperties,Benchtop,CellCulture",FALSE,FALSE,TRUE,TRUE,TRUE,TRUE,FALSE
"Wang, T 2018",10.1021/acs.langmuir.7b04072,,Controlling Directional Liquid Motion on Micro- and Nanocrystalline Diamond/β-SiC Composite Gradient Films,"Wang, T and Handschuh-Wang, S and Huang, L and Zhang, L and Jiang, X and Kong, TT and Zhang, WJ and Lee, CS and Zhou, XC and Tang, YB",LANGMUIR,2018,1,30,1,other,FALSE,TRUE,FALSE,FALSE,FALSE,FALSE,2,"Biosensors,DrugRelease",FALSE,TRUE,FALSE,FALSE,TRUE,FALSE,3,"Fabrication,MaterialProperties,Benchtop",FALSE,FALSE,TRUE,TRUE,TRUE,FALSE,FALSE
"Will, J 2010",10.1016/j.actbio.2010.06.036,20615484,Bioactivation of biomorphous silicon carbide bone implants,"Will, J and Hoppe, A and Müller, FA and Raya, CT and Fernandez, JM and Greil, P",Acta biomaterialia,2010,12,,1,other,FALSE,TRUE,FALSE,FALSE,FALSE,FALSE,1,Ortho_Dental,FALSE,FALSE,FALSE,TRUE,FALSE,FALSE,2,"MaterialProperties,Benchtop",FALSE,FALSE,TRUE,FALSE,TRUE,FALSE,FALSE
"Wu, K 2024",10.1002/adma.202310201,38320746,Optical Monitoring of Water Side Permeation in Thin Film Encapsulation,"Wu, K. and Mariello, M. and Leterrier, Y. and Lacour, SP",Advanced materials,2024,6,,1,a-SiC,TRUE,FALSE,FALSE,FALSE,FALSE,FALSE,1,Neural,TRUE,FALSE,FALSE,FALSE,FALSE,FALSE,3,"Fabrication,MaterialProperties,Benchtop",FALSE,FALSE,TRUE,TRUE,TRUE,FALSE,FALSE
"Wu, M 2019",10.1007/s40684-019-00058-9,,High Efficiency Precision Grinding of Micro-structured SiC Surface Using Laser Micro-structured Coarse-Grain Diamond Grinding Wheel,"Wu, MT and Guo, B and Zhao, QL and Zhang, J and Fang, XY and He, P",INTERNATIONAL JOURNAL OF PRECISION ENGINEERING AND MANUFACTURING-GREEN TECHNOLOGY,2019,3,7,1,other,FALSE,TRUE,FALSE,FALSE,FALSE,FALSE,1,OtherTechnologies,FALSE,FALSE,FALSE,FALSE,FALSE,TRUE,2,"Fabrication,MaterialProperties",FALSE,FALSE,TRUE,TRUE,FALSE,FALSE,FALSE
"Xu, H 2000",10.1177/00220345000790110501,11145353,Effects of whisker-to-silica ratio on the reinforcement of dental resin composites with silica-fused whiskers,"Xu, HH and Quinn, JB and Giuseppetti, AA and Eichmiller, FC",Journal of dental research,2000,11,,1,other,FALSE,TRUE,FALSE,FALSE,FALSE,FALSE,1,Ortho_Dental,FALSE,FALSE,FALSE,TRUE,FALSE,FALSE,2,"Fabrication,MaterialProperties",FALSE,FALSE,TRUE,TRUE,FALSE,FALSE,FALSE
"Xu, H 2004",10.1016/j.biomaterials.2003.12.058,15120507,Strong and bioactive composites containing nano-silica-fused whiskers for bone repair,"Xu, HH and Smith, DT and Simon, CG",Biomaterials,2004,11,,1,other,FALSE,TRUE,FALSE,FALSE,FALSE,FALSE,1,Ortho_Dental,FALSE,FALSE,FALSE,TRUE,FALSE,FALSE,3,"Fabrication,MaterialProperties,CellCulture",FALSE,FALSE,TRUE,TRUE,FALSE,TRUE,FALSE
"Zhao, X 2018",10.1016/j.msec.2018.05.003,30033240,Improved dispersion of SiC whisker in nano hydroxyapatite and effect of atmospheres on sintering of the SiC whisker reinforced nano hydroxyapatite composites,"Zhao, X and Yang, J and Xin, H and Wang, X and Zhang, L and He, F and Liu, Q and Zhang, W","Materials science & engineering. C, Materials for biological applications",2018,10,1,1,other,FALSE,TRUE,FALSE,FALSE,FALSE,FALSE,1,Ortho_Dental,FALSE,FALSE,FALSE,TRUE,FALSE,FALSE,2,"Fabrication,MaterialProperties",FALSE,FALSE,TRUE,TRUE,FALSE,FALSE,FALSE
"Zhu, C 2016",10.1038/srep38875,27958394,Proliferation and osteogenic differentiation of rat BMSCs on a novel Ti/SiC metal matrix nanocomposite modified by friction stir processing,"Zhu, C and Lv, Y and Qian, C and Qian, H and Jiao, T and Wang, L and Zhang, F",Scientific reports,2016,12,13,1,other,FALSE,TRUE,FALSE,FALSE,FALSE,FALSE,1,Ortho_Dental,FALSE,FALSE,FALSE,TRUE,FALSE,FALSE,3,"Fabrication,MaterialProperties,CellCulture",FALSE,FALSE,TRUE,TRUE,FALSE,TRUE,FALSE
"Zhu, H 2024",10.3390/ma17215392,39517666,Osteoblast Growth in Quaternized Silicon Carbon Nitride Coatings for Dental Implants,"Zhu, H and Xia, X and Chiang, CC and Watson Levings, RS and Correa, J and Rocha, FRG and Ghivizzani, SC and Ren, F and Neal, D and Calderon, PDS and Esquivel-Upshaw, JF","Materials (Basel, Switzerland)",2024,11,4,1,other,FALSE,TRUE,FALSE,FALSE,FALSE,FALSE,1,Ortho_Dental,FALSE,FALSE,FALSE,TRUE,FALSE,FALSE,2,"Fabrication,CellCulture",FALSE,FALSE,FALSE,TRUE,FALSE,TRUE,FALSE
